shopid,2016-10-11,2016-10-12,2016-10-13,2016-10-14,2016-10-15,2016-10-16,2016-10-17
1,254,239,228,244,264,264,207
2,0,0,0,0,0,0,0
3,68,63,56,71,119,97,75
4,86,113,71,121,165,200,89
5,223,218,230,195,185,211,274
6,83,91,90,121,112,137,83
7,136,93,128,140,183,208,135
8,81,63,65,49,103,101,66
9,225,202,192,197,251,282,254
10,108,111,73,89,76,103,96
11,79,85,95,113,72,58,98
12,55,55,52,59,83,65,69
13,234,297,238,250,221,233,235
14,64,56,51,56,79,44,65
15,111,113,126,124,203,176,135
16,41,49,30,69,63,40,42
17,82,71,82,89,123,119,89
18,70,87,73,107,104,112,71
19,153,141,173,150,210,255,163
20,167,165,137,154,149,140,155
21,70,70,59,82,114,112,69
22,96,116,94,127,102,107,81
23,14,10,3,8,10,1,18
24,37,60,69,68,110,124,32
25,107,130,113,119,147,121,98
26,69,79,85,69,147,142,51
27,92,101,84,98,69,74,80
28,64,62,62,80,84,86,53
29,83,84,85,124,187,166,76
30,31,48,38,41,38,58,36
31,290,318,287,314,505,486,337
32,406,432,370,426,126,90,454
33,56,62,56,66,115,109,74
34,368,346,318,454,539,454,371
35,130,135,107,125,185,222,116
36,65,102,61,58,72,83,61
37,195,213,214,225,281,321,198
38,106,62,79,79,67,54,94
39,234,265,234,261,357,370,269
40,94,87,80,90,95,113,72
41,186,143,141,233,364,391,148
42,66,58,58,82,102,85,87
43,60,59,22,80,63,94,63
44,53,33,51,50,84,71,51
45,30,32,18,48,56,39,30
46,190,182,183,169,141,183,209
47,157,173,176,160,79,84,159
48,432,387,394,402,513,540,355
49,382,422,426,437,608,585,414
50,68,61,53,57,69,68,66
51,82,58,44,74,41,40,59
52,42,51,49,68,148,120,46
53,128,111,134,155,127,137,119
54,290,266,308,320,289,265,352
55,323,353,367,407,374,321,352
56,54,67,57,59,83,90,48
57,301,258,253,283,231,259,298
58,1693,1650,1662,1601,1935,1900,1709
59,147,164,174,215,176,208,195
60,140,158,143,176,170,152,137
61,64,92,82,99,95,106,80
62,67,86,76,85,84,118,83
63,232,215,225,162,198,257,230
64,120,151,138,136,90,117,151
65,335,344,323,366,550,587,333
66,49,52,40,91,66,69,41
67,52,53,47,78,96,88,48
68,54,54,67,57,64,68,55
69,83,92,90,111,140,142,81
70,54,47,33,50,58,77,40
71,145,129,161,189,154,141,149
72,473,488,501,499,593,588,484
73,87,80,105,92,102,97,78
74,114,108,106,128,130,143,107
75,73,69,72,86,49,80,79
76,37,43,41,36,79,48,53
77,74,106,85,146,98,113,120
78,54,45,68,59,50,56,60
79,160,175,139,138,61,52,159
80,53,58,72,65,66,99,68
81,128,108,117,111,132,155,148
82,147,88,127,127,92,94,112
83,123,104,128,153,190,163,107
84,144,174,173,193,273,279,131
85,74,66,63,82,122,109,63
86,148,118,102,117,180,178,121
87,133,134,116,114,16,30,133
88,390,453,433,517,602,632,370
89,37,44,49,51,82,48,39
90,218,203,250,255,361,380,197
91,90,106,82,99,117,125,73
92,113,116,93,136,216,197,129
93,182,163,186,177,143,102,162
94,101,103,126,91,78,69,110
95,85,69,98,88,83,87,94
96,116,61,127,98,124,129,112
97,173,182,174,185,146,179,172
98,72,87,101,100,98,80,70
99,53,36,44,54,35,56,69
100,373,402,378,389,438,296,383
101,129,143,114,144,161,175,125
102,130,123,140,130,129,155,126
103,101,98,85,97,83,67,63
104,96,102,116,122,110,94,76
105,80,87,77,113,185,184,75
106,76,52,61,70,67,56,52
107,49,82,46,96,213,235,88
108,95,85,82,118,133,142,79
109,89,91,107,102,117,109,105
110,166,180,165,172,141,146,149
111,79,61,80,75,73,71,59
112,116,112,105,130,134,151,110
113,148,129,146,148,86,123,159
114,642,621,651,730,521,516,607
115,455,474,515,467,443,416,468
116,465,415,484,385,415,487,457
117,116,118,96,154,245,258,123
118,90,86,103,83,37,28,93
119,37,39,44,69,118,79,45
120,256,247,251,269,335,387,266
121,55,50,59,59,61,64,33
122,50,44,55,52,84,85,67
123,115,116,124,120,135,137,119
124,404,377,398,387,391,454,407
125,38,33,51,60,99,66,31
126,95,84,97,105,106,95,110
127,46,49,41,70,114,88,15
128,60,58,58,76,84,72,52
129,198,192,217,188,237,248,172
130,281,314,251,316,363,431,281
131,27,47,51,74,58,63,95
132,47,42,50,89,84,87,43
133,92,88,99,123,76,48,118
134,383,426,398,410,325,321,474
135,174,173,164,222,179,171,175
136,107,107,110,97,84,73,106
137,102,89,79,105,83,67,69
138,277,326,288,265,249,218,266
139,62,52,61,96,135,114,59
140,297,337,330,316,144,222,371
141,49,37,39,34,78,68,47
142,482,478,438,461,177,195,434
143,128,122,126,128,97,95,102
144,102,106,78,144,216,211,84
145,54,57,50,62,82,94,65
146,487,509,459,499,639,651,401
147,125,123,119,130,105,106,132
148,63,52,50,68,73,71,80
149,175,175,150,179,228,226,160
150,49,41,61,69,112,112,47
151,66,84,84,87,55,48,65
152,30,50,42,75,66,52,72
153,54,66,60,80,101,87,54
154,85,101,85,101,74,78,98
155,125,127,95,123,140,128,97
156,120,123,110,138,150,153,124
157,85,64,108,101,142,143,83
158,53,86,76,72,67,77,74
159,51,53,53,66,82,89,63
160,305,331,337,284,123,121,319
161,114,85,97,111,115,110,94
162,103,67,82,81,98,59,84
163,82,89,80,94,121,133,89
164,192,167,230,193,122,135,183
165,97,86,88,121,179,172,109
166,50,36,44,76,167,149,56
167,172,239,205,162,149,191,135
168,99,107,114,96,96,105,119
169,73,75,80,129,206,200,94
170,47,57,50,46,87,96,38
171,261,241,246,301,209,210,203
172,147,166,177,157,282,334,47
173,183,195,146,183,215,216,189
174,179,241,230,204,137,236,235
175,103,77,99,123,226,173,69
176,75,55,68,82,118,93,67
177,120,125,120,127,176,188,111
178,83,84,94,86,95,105,76
179,77,71,73,69,103,89,53
180,252,235,241,248,313,382,273
181,66,68,63,68,98,96,70
182,41,45,37,43,41,54,29
183,224,209,209,220,118,108,193
184,70,77,75,68,88,94,85
185,96,109,108,115,92,110,108
186,135,126,126,136,206,203,132
187,84,80,76,99,79,67,65
188,72,79,93,108,115,135,87
189,431,434,401,475,606,631,412
190,40,31,59,81,55,47,47
191,75,0,0,0,0,0,0
192,27,43,52,45,73,61,36
193,127,124,101,171,163,203,112
194,42,57,51,61,30,39,44
195,54,61,48,70,104,85,42
196,53,50,50,51,155,159,41
197,49,49,48,45,80,73,48
198,132,136,129,139,88,65,131
199,165,156,152,146,165,205,164
200,192,188,191,252,451,325,148
201,35,40,24,34,69,88,25
202,122,127,154,143,129,153,231
203,348,331,347,362,619,651,426
204,81,87,109,103,90,61,88
205,101,109,119,112,110,115,112
206,27,49,58,50,74,78,46
207,78,75,66,89,192,148,64
208,131,88,82,78,111,168,93
209,61,59,60,75,155,123,58
210,78,73,86,105,172,147,76
211,94,87,84,98,140,130,66
212,38,55,30,54,91,83,40
213,71,82,92,76,59,76,82
214,43,44,39,45,73,75,36
215,139,149,150,168,291,276,163
216,48,43,47,47,43,57,45
217,350,337,369,478,619,529,355
218,45,49,48,47,14,13,45
219,55,95,50,67,50,67,60
220,102,94,102,115,72,78,94
221,109,80,88,132,129,117,88
222,6,19,24,21,22,39,22
223,64,60,70,88,127,99,69
224,88,97,103,74,22,20,92
225,94,115,109,96,89,84,98
226,197,172,151,194,167,185,215
227,58,51,50,67,136,99,47
228,48,46,51,60,69,88,59
229,59,48,74,76,90,80,67
230,77,53,76,67,74,65,62
231,80,88,63,74,86,95,74
232,64,71,63,71,71,59,65
233,198,211,239,292,479,448,210
234,150,181,134,124,192,170,153
235,113,141,107,136,174,157,117
236,37,45,48,40,78,55,41
237,44,49,47,52,79,54,62
238,89,68,51,79,81,72,88
239,65,76,71,106,102,110,64
240,292,275,326,390,279,262,289
241,87,87,77,82,102,111,103
242,79,73,73,86,85,71,91
243,230,216,244,245,353,332,219
244,157,143,205,206,165,198,229
245,139,118,133,153,143,101,135
246,18,21,27,26,65,75,25
247,168,169,138,188,173,126,196
248,78,72,64,57,68,63,75
249,165,158,154,147,74,51,163
250,53,57,50,45,70,93,51
251,102,100,99,102,47,42,131
252,154,145,143,145,223,144,89
253,72,83,59,94,128,126,60
254,96,91,115,138,83,115,136
255,80,80,99,80,73,77,88
256,197,192,233,221,291,266,184
257,99,89,81,101,82,87,94
258,51,47,50,82,77,65,60
259,77,71,66,62,76,92,81
260,44,73,59,92,71,85,59
261,95,70,108,122,149,143,85
262,128,135,124,145,138,134,111
263,100,110,97,108,107,120,108
264,114,120,118,115,116,140,123
265,110,106,90,131,147,150,101
266,39,54,48,64,63,60,37
267,98,99,107,93,90,103,99
268,98,111,104,122,98,76,108
269,102,114,88,103,85,77,120
270,135,130,128,142,128,140,98
271,80,82,80,57,49,69,86
272,496,526,505,501,462,449,538
273,125,86,126,112,127,162,124
274,64,64,64,65,36,53,76
275,572,522,579,616,579,693,592
276,118,143,122,153,166,189,123
277,30,27,24,49,86,89,27
278,227,244,240,297,378,383,204
279,413,458,439,584,656,694,398
280,72,51,61,72,71,108,64
281,158,139,167,188,227,194,154
282,270,281,271,288,135,145,255
283,60,61,65,64,116,87,41
284,35,52,36,52,74,58,33
285,234,240,240,296,209,260,235
286,308,497,499,481,295,221,427
287,223,220,196,248,284,279,200
288,75,51,63,109,149,144,68
289,51,64,53,66,66,93,54
290,72,62,47,73,59,59,62
291,122,119,125,136,52,49,127
292,138,123,156,134,100,84,159
293,192,212,185,183,197,219,199
294,157,138,115,131,109,116,123
295,44,28,31,57,73,114,64
296,380,343,320,360,552,583,328
297,287,264,321,313,334,312,392
298,396,342,337,354,747,768,365
299,171,198,172,208,286,264,172
300,73,56,64,69,72,82,45
301,52,76,80,87,100,102,85
302,178,139,189,172,108,124,187
303,67,45,45,55,118,84,39
304,228,253,199,50,228,260,213
305,114,88,104,162,165,127,82
306,469,564,511,424,89,57,507
307,59,66,56,73,97,105,56
308,85,63,82,72,30,28,87
309,143,150,144,153,128,111,149
310,148,144,159,176,218,260,111
311,110,104,110,111,18,14,132
312,88,110,94,85,93,111,107
313,581,146,597,560,339,35,625
314,117,42,119,159,183,123,132
315,135,181,180,189,251,207,177
316,187,194,222,196,119,174,223
317,36,31,36,63,123,96,45
318,124,143,149,148,220,183,132
319,181,182,184,180,194,220,225
320,235,230,198,278,355,361,183
321,120,116,109,130,129,136,146
322,76,76,95,81,87,62,60
323,173,180,184,199,229,202,168
324,133,135,123,123,99,103,133
325,77,77,71,94,106,85,72
326,68,66,58,76,105,87,74
327,64,47,62,91,66,67,68
328,148,132,150,130,144,160,145
329,93,74,80,88,95,72,90
330,33,36,39,75,169,131,41
331,367,337,349,340,82,102,365
332,86,101,109,144,149,145,87
333,92,86,88,71,81,148,97
334,156,166,165,160,160,201,179
335,169,164,197,165,84,39,183
336,193,181,225,251,447,416,266
337,92,88,74,94,97,101,83
338,330,383,376,479,918,895,346
339,70,69,93,108,145,120,92
340,65,66,68,88,85,68,74
341,145,159,144,170,325,327,137
342,117,134,114,106,113,95,131
343,104,95,106,105,86,95,103
344,127,106,150,169,197,183,132
345,85,98,101,115,122,105,116
346,214,237,249,236,196,214,234
347,36,36,38,52,54,54,44
348,269,263,274,275,407,420,278
349,63,106,115,88,77,84,87
350,238,208,249,237,90,89,304
351,132,97,119,95,83,70,113
352,285,314,316,314,0,7,302
353,51,47,31,60,68,54,70
354,49,60,56,48,76,78,81
355,23,39,26,61,44,27,40
356,131,121,132,133,135,114,132
357,61,58,47,59,71,61,64
358,152,145,160,175,114,133,157
359,155,146,131,176,166,194,165
360,146,105,112,119,193,270,147
361,210,220,222,240,136,102,262
362,148,138,128,142,112,140,138
363,60,65,66,85,64,0,62
364,65,79,57,74,99,180,83
365,42,39,59,47,71,71,44
366,85,103,87,83,56,36,90
367,90,93,92,73,73,92,99
368,291,288,277,284,185,142,325
369,111,123,97,141,159,141,124
370,115,122,128,269,394,445,181
371,230,244,204,238,308,287,214
372,51,63,50,45,66,74,58
373,50,48,43,57,65,63,33
374,46,52,61,59,69,89,72
375,37,39,51,65,75,65,49
376,36,28,33,47,55,25,38
377,92,118,101,129,95,80,131
378,163,143,85,165,143,125,172
379,37,29,32,53,111,112,35
380,227,218,234,223,296,307,104
381,60,56,52,59,54,61,48
382,72,60,70,59,80,89,71
383,100,101,98,81,69,98,117
384,75,80,82,71,36,28,72
385,42,42,30,52,50,48,26
386,170,172,159,212,227,232,162
387,61,42,74,87,72,90,57
388,79,119,74,96,146,125,85
389,79,100,105,111,101,102,103
390,42,62,51,75,108,105,35
391,243,232,203,420,241,267,209
392,313,303,304,273,165,111,383
393,481,467,419,431,500,522,403
394,185,180,151,169,138,195,154
395,212,233,272,294,197,230,246
396,109,106,117,120,77,87,102
397,131,132,146,128,175,218,119
398,128,128,124,148,115,132,118
399,76,98,74,127,233,240,103
400,68,65,64,55,61,93,74
401,78,80,87,104,69,77,85
402,190,236,207,220,211,195,222
403,91,86,95,92,119,102,90
404,170,152,172,210,361,344,186
405,133,118,134,141,85,61,146
406,128,154,152,155,178,160,186
407,174,141,168,162,141,151,175
408,266,260,174,332,464,422,282
409,73,77,97,105,101,99,93
410,51,75,97,170,78,155,73
411,11,12,11,25,43,27,20
412,90,83,65,99,40,46,68
413,201,188,215,180,147,163,221
414,407,446,388,452,537,610,388
415,71,73,73,63,32,46,59
416,57,69,62,95,100,111,52
417,29,26,20,23,34,26,12
418,144,121,126,148,214,184,140
419,39,36,30,33,35,33,39
420,93,71,92,115,123,75,119
421,38,33,35,51,90,80,28
422,98,80,77,95,107,92,95
423,49,49,54,91,156,134,66
424,69,64,51,81,113,106,75
425,82,96,89,109,173,138,87
426,145,172,183,269,156,156,180
427,141,119,130,149,68,58,132
428,139,120,136,145,160,127,159
429,30,42,37,51,61,60,32
430,104,107,113,95,104,87,149
431,62,58,62,78,72,80,41
432,45,53,34,14,0,0,0
433,99,90,91,88,80,79,104
434,38,47,42,50,85,58,61
435,290,296,329,388,751,624,283
436,393,400,433,503,540,511,429
437,65,86,83,85,92,61,103
438,48,63,60,80,89,103,72
439,109,127,110,136,165,183,142
440,69,75,88,80,81,102,69
441,214,204,183,192,304,339,201
442,85,80,70,102,139,127,80
443,65,52,52,73,98,98,55
444,71,98,104,80,94,117,94
445,131,167,153,180,210,154,174
446,37,33,40,40,62,36,32
447,188,226,236,236,83,80,227
448,156,134,183,179,60,41,205
449,22,17,34,36,88,107,22
450,68,80,65,63,75,82,70
451,100,115,107,122,205,158,128
452,210,219,234,254,248,292,232
453,55,65,71,61,54,54,73
454,57,83,60,69,59,72,61
455,129,119,160,131,174,180,140
456,59,51,63,68,76,78,57
457,61,47,51,73,99,108,31
458,84,85,88,135,127,129,77
459,3,8,0,43,136,47,8
460,258,267,267,311,91,27,270
461,47,41,67,47,52,59,43
462,52,59,49,91,123,120,53
463,107,155,122,140,137,186,148
464,77,76,76,107,174,192,79
465,452,403,414,469,690,763,410
466,58,79,97,85,157,128,55
467,81,99,100,88,109,109,93
468,42,37,61,59,98,81,36
469,67,50,59,70,70,68,50
470,52,54,51,95,128,61,40
471,84,86,82,86,86,101,94
472,402,429,414,633,739,763,439
473,88,72,92,96,58,24,112
474,23,43,46,31,32,45,41
475,107,121,139,154,118,138,147
476,87,89,110,97,31,34,91
477,93,81,119,116,96,117,72
478,45,52,51,42,53,52,43
479,64,59,73,60,92,117,63
480,50,36,57,82,85,65,50
481,40,48,42,56,61,59,42
482,83,77,81,107,113,139,72
483,88,67,65,79,72,45,79
484,68,83,56,84,140,146,61
485,125,111,152,137,126,155,109
486,76,65,63,84,126,94,79
487,72,54,76,70,60,61,65
488,61,78,68,70,76,107,89
489,54,79,74,79,77,98,76
490,25,26,25,26,64,64,41
491,313,286,251,249,362,350,303
492,80,68,60,93,98,100,82
493,114,118,107,110,109,102,108
494,64,58,49,82,82,112,60
495,56,33,66,60,120,110,42
496,125,137,149,126,102,113,140
497,52,50,63,64,59,53,61
498,74,65,55,67,98,94,97
499,47,42,42,41,50,74,42
500,119,119,127,155,216,213,111
501,155,164,132,129,68,107,181
502,58,127,122,145,230,211,120
503,109,99,109,133,92,61,78
504,69,63,53,93,108,84,65
505,107,97,106,99,48,21,115
506,55,69,54,87,152,145,41
507,238,257,269,258,173,175,292
508,158,142,171,156,99,103,180
509,30,42,43,65,38,51,28
510,51,56,70,32,67,61,66
511,133,150,149,185,181,185,118
512,51,60,45,83,118,101,69
513,118,130,140,113,134,150,140
514,85,76,93,104,99,100,87
515,106,99,141,148,147,128,107
516,79,90,98,79,86,83,99
517,2516,1671,1628,1852,3212,3263,1592
518,68,40,67,66,122,114,62
519,176,167,173,259,253,228,182
520,65,102,81,73,72,87,84
521,78,58,58,75,129,116,88
522,129,127,127,137,182,206,131
523,46,29,47,57,61,47,41
524,56,92,61,80,11,3,88
525,76,65,60,57,74,77,58
526,101,86,85,101,126,122,104
527,69,63,69,57,28,20,77
528,349,407,340,404,500,575,369
529,137,106,122,105,90,83,116
530,1006,974,1024,909,107,23,926
531,129,105,112,163,197,163,131
532,112,106,88,98,119,138,123
533,164,171,184,160,74,58,167
534,33,40,28,45,88,120,25
535,173,161,181,176,213,204,163
536,72,79,77,76,102,98,82
537,99,108,114,173,191,178,100
538,42,56,44,54,131,108,39
539,79,97,98,104,122,132,88
540,78,85,107,93,88,124,81
541,171,147,154,176,169,197,179
542,82,28,90,84,75,62,77
543,73,75,59,83,102,93,69
544,93,67,81,91,153,158,87
545,112,129,151,193,195,156,94
546,40,41,71,79,88,104,52
547,61,0,44,78,90,92,81
548,115,106,116,144,156,168,108
549,63,65,71,100,109,124,82
550,72,100,113,108,119,113,89
551,87,97,86,102,112,110,77
552,107,101,86,136,142,169,85
553,242,286,291,373,309,313,132
554,62,60,61,78,134,143,80
555,144,141,110,115,122,158,114
556,40,66,51,55,41,42,36
557,307,356,308,324,218,232,287
558,115,108,108,114,118,135,80
559,227,236,217,217,53,69,258
560,135,145,130,176,146,190,145
561,89,107,111,66,3,6,70
562,68,63,80,76,16,4,70
563,38,40,50,42,70,58,38
564,180,224,237,237,337,292,164
565,250,271,304,315,302,327,261
566,65,75,75,72,98,107,74
567,53,69,73,82,64,51,71
568,129,109,97,156,190,209,96
569,202,225,203,180,150,200,212
570,116,137,135,156,191,199,142
571,192,166,181,165,64,100,193
572,367,335,383,395,441,481,348
573,38,47,60,34,52,67,68
574,53,48,61,64,61,64,40
575,194,173,213,160,120,146,177
576,83,66,62,73,93,106,56
577,538,567,753,554,705,767,539
578,137,126,123,134,84,99,135
579,98,108,108,157,195,150,114
580,523,565,547,587,782,893,522
581,80,78,94,84,125,116,85
582,52,48,37,52,72,74,34
583,33,32,42,66,114,93,45
584,90,83,96,86,102,118,88
585,85,104,103,89,70,80,99
586,90,70,70,106,77,93,105
587,115,124,99,113,155,181,127
588,40,50,35,53,53,62,58
589,44,52,50,49,57,56,49
590,124,118,139,118,104,116,111
591,49,35,48,50,100,54,54
592,292,295,281,323,423,415,297
593,153,156,162,232,293,235,170
594,44,35,43,62,156,121,43
595,391,375,419,342,135,244,465
596,37,43,49,50,58,50,34
597,67,58,73,85,70,91,73
598,86,62,84,101,65,95,72
599,60,49,65,67,48,75,64
600,258,256,261,287,256,271,195
601,109,107,95,128,116,137,117
602,67,60,85,73,85,82,65
603,89,85,81,81,77,114,98
604,165,165,68,169,79,79,98
605,49,68,54,62,85,79,61
606,122,129,118,120,206,146,136
607,87,82,76,93,120,120,97
608,261,289,319,311,322,278,241
609,76,71,91,79,116,126,92
610,79,77,78,115,109,88,70
611,122,134,126,137,170,202,131
612,93,104,103,123,102,152,72
613,175,184,163,156,255,326,164
614,148,165,177,179,194,170,179
615,136,126,110,143,193,176,126
616,74,93,79,101,117,117,86
617,84,106,107,123,78,101,110
618,235,195,184,191,128,117,205
619,61,73,40,60,78,54,24
620,191,171,194,193,168,117,192
621,164,154,153,150,119,79,126
622,50,48,53,52,83,104,35
623,117,94,114,92,100,93,62
624,142,182,123,148,173,204,170
625,89,121,112,104,125,118,105
626,110,93,102,92,101,117,120
627,282,279,303,273,194,154,354
628,140,148,148,164,320,314,159
629,122,125,127,123,203,206,126
630,104,108,114,113,194,201,71
631,153,156,178,194,195,190,183
632,70,31,1,11,26,1,0
633,54,56,50,63,74,86,53
634,85,84,60,65,102,111,90
635,40,43,44,56,66,72,52
636,97,106,99,86,85,86,99
637,225,264,223,222,170,159,226
638,310,304,304,338,291,273,273
639,89,67,77,88,119,102,95
640,134,146,134,160,155,163,124
641,54,58,60,73,78,84,61
642,142,140,139,170,190,145,152
643,114,97,93,77,93,115,92
644,31,37,46,38,82,95,43
645,111,118,128,125,120,107,115
646,102,100,96,120,88,81,142
647,120,102,140,153,236,208,114
648,69,86,81,102,89,103,89
649,152,156,159,183,79,64,170
650,551,543,501,586,776,744,478
651,310,285,281,294,181,159,275
652,190,171,153,194,291,286,134
653,86,87,116,123,120,109,121
654,98,140,138,163,106,151,118
655,61,47,50,54,88,68,61
656,224,275,201,178,115,251,212
657,56,57,57,90,91,77,37
658,146,141,167,241,219,204,147
659,0,0,0,0,0,0,0
660,72,61,65,91,92,74,81
661,70,86,89,72,113,147,74
662,119,97,117,91,72,59,110
663,111,99,67,86,111,106,70
664,45,56,79,80,96,90,49
665,64,72,66,89,119,115,78
666,22,85,59,67,41,42,44
667,267,262,317,318,276,327,263
668,141,164,153,155,289,367,140
669,90,88,83,117,119,118,88
670,175,145,144,175,231,200,117
671,243,188,174,202,277,310,181
672,82,101,89,118,135,162,70
673,81,83,77,75,95,100,89
674,215,206,192,195,83,36,219
675,65,56,65,57,77,71,55
676,134,135,127,155,265,170,135
677,114,109,93,108,121,107,92
678,73,89,86,134,74,78,107
679,473,514,468,533,760,704,483
680,52,51,58,67,52,49,70
681,78,75,81,99,88,103,80
682,60,55,55,65,129,107,61
683,47,45,39,52,87,122,33
684,67,72,87,79,82,75,71
685,234,207,225,212,268,363,267
686,148,128,127,138,166,175,130
687,58,65,66,65,101,99,57
688,104,88,88,117,127,113,89
689,68,66,58,80,65,88,85
690,118,114,120,123,175,141,87
691,157,197,176,143,225,278,162
692,88,100,89,100,117,158,91
693,67,74,86,77,90,78,73
694,141,156,156,143,94,83,158
695,109,135,138,167,289,265,131
696,65,71,74,84,76,108,73
697,112,122,102,102,99,85,133
698,68,54,75,76,87,63,58
699,78,79,77,65,84,78,72
700,0,0,0,0,0,0,0
701,89,92,100,87,106,107,70
702,80,86,73,122,171,136,92
703,74,74,73,68,35,31,89
704,94,90,102,96,51,64,89
705,42,28,51,59,146,136,47
706,90,77,69,75,60,47,82
707,80,78,83,72,76,94,69
708,94,93,94,122,125,142,90
709,67,66,63,68,73,69,41
710,80,60,79,94,88,81,64
711,113,126,120,118,77,65,142
712,66,80,78,82,129,146,97
713,194,194,197,196,180,189,171
714,114,118,133,135,231,220,140
715,235,176,209,280,345,328,221
716,123,118,118,130,110,95,110
717,87,112,88,130,159,163,95
718,83,71,54,63,125,99,83
719,121,119,110,117,162,171,102
720,157,160,143,188,140,144,162
721,149,75,88,218,250,311,219
722,125,135,0,124,17,39,141
723,150,168,177,215,268,245,153
724,32,38,31,45,52,52,35
725,139,120,134,142,130,139,118
726,47,60,49,80,70,59,56
727,75,76,51,39,55,52,27
728,404,417,419,456,407,424,464
729,250,233,241,275,351,322,257
730,198,238,224,245,322,352,236
731,1626,1550,1771,1764,1547,1602,1222
732,83,92,89,142,231,195,72
733,95,90,97,89,133,129,126
734,110,120,131,146,227,245,110
735,61,60,58,55,82,61,71
736,127,107,86,103,146,126,83
737,367,316,366,409,428,379,377
738,123,148,127,133,225,222,119
739,95,84,95,106,91,112,80
740,85,76,69,137,147,115,93
741,98,106,78,112,127,119,85
742,56,89,90,516,521,538,598
743,98,123,111,93,45,39,96
744,62,70,62,109,219,176,73
745,44,45,35,80,46,28,83
746,76,69,72,80,77,80,42
747,355,381,384,391,529,572,417
748,103,110,105,139,173,154,112
749,32,28,26,26,22,31,30
750,176,132,181,165,163,141,117
751,83,87,75,109,1,118,87
752,57,14,124,34,185,50,125
753,69,65,68,79,78,66,46
754,116,144,126,156,141,196,178
755,92,109,104,104,131,121,110
756,164,173,158,172,143,111,170
757,134,141,145,140,214,189,124
758,75,71,75,63,75,63,59
759,129,132,157,159,139,139,148
760,80,77,104,116,185,155,99
761,85,101,90,85,102,93,77
762,101,74,117,114,144,143,115
763,81,91,105,94,152,140,118
764,67,55,68,82,99,99,54
765,98,124,109,133,89,92,114
766,49,50,50,65,63,83,36
767,74,67,59,62,76,78,56
768,71,100,86,54,34,63,118
769,76,100,127,226,221,185,117
770,46,37,51,71,64,54,42
771,90,106,88,126,146,137,92
772,150,144,148,143,175,182,129
773,148,146,115,153,242,197,132
774,168,208,160,164,240,222,171
775,352,360,337,382,334,315,344
776,218,216,219,277,346,385,189
777,226,208,222,208,152,162,198
778,146,138,124,130,93,82,109
779,254,247,225,228,236,263,229
780,106,112,112,108,117,111,130
781,151,159,155,193,297,258,164
782,34,23,39,33,46,46,30
783,105,110,115,123,94,76,107
784,59,60,51,73,75,59,57
785,71,63,65,77,134,96,73
786,38,44,39,58,65,74,56
787,85,94,102,104,136,123,84
788,384,346,369,341,238,228,343
789,216,200,179,192,116,70,209
790,45,73,69,50,52,74,42
791,57,69,75,78,94,95,82
792,204,220,239,235,152,170,261
793,35,51,46,47,123,77,47
794,187,196,206,143,130,149,199
795,113,121,133,122,76,48,106
796,58,49,17,82,134,125,42
797,96,93,81,82,132,122,93
798,112,100,110,101,39,29,124
799,102,92,92,104,147,74,73
800,203,155,178,222,284,279,156
801,70,61,78,102,133,111,99
802,70,53,75,74,121,106,51
803,236,238,219,208,111,84,236
804,119,101,116,94,100,103,81
805,201,222,200,240,133,130,193
806,441,425,418,489,834,876,438
807,53,71,69,95,85,76,51
808,169,189,216,319,285,289,201
809,62,67,50,56,75,76,66
810,0,0,0,0,0,0,0
811,41,50,56,54,67,58,52
812,168,153,197,162,51,40,159
813,80,55,68,74,72,85,67
814,204,216,209,254,210,205,248
815,50,39,50,48,80,119,49
816,251,265,230,309,385,414,281
817,114,124,132,125,137,173,134
818,47,55,48,72,91,106,41
819,79,68,77,67,18,25,66
820,228,244,208,242,227,277,227
821,150,173,179,149,259,286,166
822,61,84,87,78,93,129,66
823,99,80,85,101,100,101,94
824,92,112,108,124,119,129,100
825,523,543,484,627,628,644,607
826,84,109,110,116,108,106,94
827,79,53,66,77,42,38,60
828,67,57,59,64,56,54,42
829,407,380,389,312,529,499,402
830,81,100,77,100,127,100,89
831,195,208,214,259,277,252,234
832,74,68,74,81,65,73,71
833,51,44,55,65,52,54,54
834,71,71,89,108,128,148,55
835,89,80,93,104,128,94,85
836,102,80,94,108,173,138,69
837,82,106,85,87,62,48,92
838,155,142,123,141,130,145,140
839,66,71,71,80,92,90,80
840,107,112,100,245,171,173,215
841,58,44,39,64,65,49,59
842,34,27,42,40,94,82,33
843,54,64,56,58,74,80,55
844,67,88,74,97,121,141,65
845,65,45,65,48,80,69,53
846,63,47,55,72,90,61,50
847,78,60,67,76,142,167,59
848,138,146,134,141,75,67,133
849,72,76,62,73,128,122,76
850,130,148,142,268,256,228,150
851,62,63,79,75,91,118,48
852,70,86,95,116,198,195,67
853,83,73,66,78,155,177,67
854,504,506,437,506,649,648,599
855,40,39,42,48,48,71,57
856,37,47,63,74,72,73,30
857,43,54,53,62,78,60,46
858,99,116,100,110,110,113,73
859,112,96,99,93,114,159,117
860,709,558,544,544,702,828,549
861,102,137,106,124,127,126,115
862,172,182,164,186,215,207,167
863,55,74,71,77,63,76,72
864,608,628,606,705,660,754,689
865,221,229,197,266,399,361,226
866,306,332,323,328,77,53,372
867,148,137,143,124,117,96,151
868,273,255,242,287,227,223,261
869,259,296,263,324,399,382,267
870,221,249,238,202,242,275,231
871,69,81,77,83,118,98,64
872,191,226,337,294,102,71,342
873,160,210,157,149,124,147,176
874,252,248,225,279,247,197,212
875,113,79,97,103,64,59,104
876,287,275,284,323,198,251,261
877,216,183,199,213,193,182,234
878,52,53,46,62,63,67,60
879,51,51,47,76,84,87,39
880,112,79,87,87,70,85,84
881,118,118,109,145,140,121,126
882,67,54,105,92,117,129,103
883,96,83,86,108,74,89,94
884,174,173,189,170,131,130,179
885,96,117,103,115,188,169,111
886,61,51,62,68,88,94,62
887,41,50,44,57,193,163,43
888,81,73,85,87,61,43,105
889,129,132,130,134,181,199,99
890,32,38,43,59,47,67,30
891,484,487,494,683,1006,914,471
892,240,214,209,197,182,152,214
893,58,49,52,61,91,74,46
894,65,101,103,91,135,137,67
895,191,191,173,170,166,115,178
896,92,100,107,114,85,84,103
897,280,266,304,407,601,579,235
898,136,135,138,114,107,97,127
899,118,95,108,111,198,401,137
900,544,511,585,670,1037,990,484
901,117,103,141,140,132,166,170
902,77,81,83,87,51,43,81
903,54,66,57,81,35,36,55
904,63,61,59,68,124,135,76
905,88,89,82,77,111,139,77
906,102,102,101,95,112,120,112
907,85,85,80,88,117,109,63
908,92,84,84,93,94,108,106
909,117,124,118,132,181,175,103
910,207,250,273,269,342,282,266
911,74,67,68,80,89,64,49
912,56,96,128,126,150,136,131
913,66,51,63,118,225,190,59
914,53,42,40,64,51,65,84
915,115,124,112,108,116,115,95
916,241,293,307,334,294,275,249
917,92,77,86,89,64,67,71
918,61,66,60,84,105,101,60
919,56,41,58,71,93,71,37
920,101,114,92,120,47,61,99
921,162,149,140,145,121,117,156
922,79,65,66,78,88,115,71
923,83,94,76,93,184,149,85
924,148,141,145,134,81,83,163
925,123,103,136,109,48,33,116
926,86,96,78,91,118,103,71
927,60,56,53,74,85,120,70
928,106,106,125,114,106,141,137
929,32,47,45,63,69,77,35
930,84,86,91,73,89,67,62
931,158,184,174,132,142,132,174
932,62,68,45,61,66,80,48
933,89,87,82,108,91,106,122
934,699,674,682,687,821,867,729
935,122,121,132,154,103,110,143
936,39,25,29,54,83,84,33
937,92,103,81,118,162,127,81
938,87,83,89,95,97,100,103
939,135,134,146,133,117,107,128
940,113,114,121,119,107,125,109
941,40,36,46,46,50,63,51
942,68,53,47,60,66,78,49
943,73,56,64,68,128,129,50
944,33,42,35,61,74,68,47
945,62,51,55,57,91,75,71
946,114,110,97,125,152,157,144
947,64,60,93,77,74,55,69
948,88,93,100,71,100,89,96
949,67,70,83,82,78,71,62
950,163,137,164,150,149,150,164
951,184,187,197,226,275,215,155
952,108,87,102,116,71,74,95
953,141,154,167,174,188,231,159
954,116,122,94,98,72,89,110
955,86,93,99,106,146,184,90
956,36,33,32,22,37,37,25
957,160,198,150,164,269,282,188
958,196,218,188,169,70,64,158
959,194,195,208,215,273,295,230
960,95,104,78,106,74,84,83
961,279,277,301,334,299,322,299
962,99,96,72,129,125,114,103
963,83,96,80,91,58,43,95
964,111,145,79,181,126,203,139
965,67,64,81,85,106,98,76
966,111,105,115,99,100,124,84
967,74,97,96,88,85,57,62
968,115,135,136,143,156,133,127
969,121,128,137,142,164,169,140
970,134,135,125,139,87,90,150
971,94,105,101,95,129,120,120
972,179,148,172,187,212,201,138
973,175,197,178,198,226,241,186
974,138,138,146,138,100,137,126
975,119,110,121,151,114,119,119
976,55,84,73,98,100,89,75
977,92,92,84,113,113,101,112
978,171,159,163,154,159,129,173
979,106,126,99,116,137,170,88
980,115,91,76,122,133,117,76
981,34,35,35,66,54,51,38
982,90,120,115,109,77,86,87
983,91,70,90,84,89,90,89
984,83,91,100,135,121,156,98
985,271,288,278,314,250,250,346
986,107,141,130,136,120,117,141
987,86,82,97,92,45,41,86
988,289,250,285,305,428,525,322
989,164,153,176,168,137,148,148
990,79,88,103,122,238,214,89
991,96,93,86,93,134,111,110
992,104,121,124,130,46,67,128
993,77,75,81,80,80,71,81
994,76,77,92,91,167,122,70
995,134,143,141,123,95,162,137
996,67,91,69,93,58,77,91
997,102,125,100,120,127,101,107
998,136,134,163,175,206,252,131
999,334,302,359,342,155,102,312
1000,61,57,61,80,129,113,56
1001,23,22,22,41,53,50,25
1002,52,47,58,91,120,156,53
1003,51,43,51,36,80,66,42
1004,118,131,131,132,143,143,132
1005,124,123,120,107,92,116,145
1006,63,49,62,35,83,68,58
1007,85,120,102,91,150,132,121
1008,65,54,57,66,124,89,59
1009,62,64,49,56,143,140,51
1010,57,49,51,36,70,78,54
1011,114,109,104,113,113,112,98
1012,190,210,187,187,175,181,177
1013,157,165,196,171,110,91,142
1014,70,58,64,66,73,66,49
1015,84,113,111,119,65,129,98
1016,44,66,63,66,68,69,68
1017,106,116,122,181,175,195,118
1018,363,373,315,367,637,695,312
1019,121,120,109,137,158,147,110
1020,64,54,56,69,58,39,58
1021,135,122,112,121,151,162,109
1022,114,119,99,126,158,167,93
1023,39,34,37,46,59,40,24
1024,66,56,66,71,75,84,55
1025,145,126,130,124,196,204,153
1026,90,102,89,97,103,141,71
1027,93,112,127,142,164,144,133
1028,63,59,59,73,32,30,68
1029,88,87,80,61,30,33,77
1030,135,129,163,157,56,51,144
1031,28,48,35,61,69,69,50
1032,46,85,54,49,62,84,52
1033,57,47,62,67,101,103,54
1034,96,83,82,98,134,109,96
1035,194,131,173,190,264,255,129
1036,97,83,73,113,97,143,99
1037,68,64,65,49,105,110,70
1038,162,157,156,169,184,201,170
1039,313,300,322,310,420,344,342
1040,44,45,49,49,113,98,54
1041,123,142,145,173,194,204,146
1042,108,102,97,131,160,176,101
1043,176,132,187,199,237,228,169
1044,64,57,63,64,104,119,51
1045,122,108,118,134,163,184,104
1046,60,69,63,57,48,67,42
1047,104,116,110,123,107,78,135
1048,50,62,55,61,71,62,67
1049,110,104,104,129,143,132,69
1050,41,69,49,70,64,71,81
1051,52,67,48,58,83,81,56
1052,243,205,228,280,415,383,235
1053,30,0,0,7,95,102,91
1054,90,85,87,103,89,100,85
1055,58,59,72,121,131,135,74
1056,67,71,79,100,102,123,90
1057,58,68,106,81,104,113,77
1058,89,39,104,61,142,58,27
1059,89,85,83,90,90,104,105
1060,178,202,191,189,135,151,185
1061,122,135,141,157,196,177,134
1062,88,86,101,82,97,93,77
1063,21,49,22,40,72,50,44
1064,70,53,56,61,75,69,56
1065,92,89,103,118,102,116,107
1066,165,165,173,189,211,218,160
1067,216,202,192,214,168,223,187
1068,59,47,71,74,45,46,66
1069,138,139,141,171,202,210,106
1070,43,56,72,63,56,73,80
1071,108,146,182,212,328,418,488
1072,408,489,407,369,382,388,593
1073,76,50,52,71,68,72,55
1074,86,100,107,139,174,175,66
1075,51,52,62,61,64,76,56
1076,107,114,99,98,122,121,113
1077,44,49,73,57,67,76,48
1078,104,96,118,90,64,74,92
1079,75,92,65,67,77,47,53
1080,39,44,42,59,51,57,47
1081,79,75,66,73,75,76,68
1082,75,74,64,69,101,74,58
1083,87,85,90,120,144,125,117
1084,95,96,88,100,174,150,85
1085,95,102,106,129,225,184,89
1086,77,106,95,80,196,254,90
1087,58,52,58,86,128,108,26
1088,70,95,86,101,138,103,92
1089,40,44,52,46,85,76,45
1090,377,393,382,342,137,154,385
1091,66,68,85,78,83,74,73
1092,139,129,117,141,221,204,130
1093,175,183,192,184,58,38,178
1094,130,140,130,174,263,203,128
1095,114,109,114,121,143,122,118
1096,123,116,100,111,89,118,122
1097,40,30,39,55,50,44,37
1098,184,201,212,183,118,168,201
1099,81,86,100,88,73,85,93
1100,34,28,36,62,111,131,34
1101,82,88,87,109,178,167,88
1102,116,89,134,207,248,220,123
1103,53,55,46,69,52,40,47
1104,240,221,233,220,523,477,193
1105,96,93,83,86,112,115,107
1106,56,64,66,66,26,23,65
1107,45,59,28,59,109,94,36
1108,85,99,98,130,179,156,90
1109,0,0,0,0,0,0,0
1110,212,219,218,213,159,128,191
1111,34,24,19,17,54,71,54
1112,80,73,96,103,89,71,71
1113,170,184,199,206,229,226,159
1114,210,202,194,183,125,137,185
1115,43,46,37,43,70,66,42
1116,232,266,334,243,187,238,333
1117,257,253,303,289,294,284,227
1118,85,84,80,123,193,204,84
1119,60,84,79,78,88,111,59
1120,37,39,52,30,56,60,34
1121,128,120,124,161,162,132,92
1122,98,73,134,132,144,137,74
1123,422,458,606,583,741,749,458
1124,20,26,15,29,86,53,28
1125,174,187,193,279,255,237,216
1126,91,82,97,103,107,145,81
1127,82,106,93,114,166,148,78
1128,43,53,46,78,85,91,65
1129,120,76,97,109,166,138,106
1130,87,103,129,110,73,101,117
1131,217,190,220,222,103,98,222
1132,68,77,66,80,75,78,79
1133,47,61,63,39,78,53,57
1134,69,71,62,61,109,78,55
1135,124,123,161,150,221,218,132
1136,238,224,233,230,236,256,214
1137,75,59,69,58,79,74,79
1138,80,62,58,63,49,52,55
1139,56,55,79,75,93,86,84
1140,152,126,156,187,42,63,181
1141,85,77,107,99,113,101,99
1142,56,52,67,63,122,104,80
1143,75,64,69,86,84,101,74
1144,87,80,71,86,125,129,70
1145,48,58,142,70,69,80,48
1146,167,186,182,192,196,194,202
1147,431,429,379,496,475,415,496
1148,65,66,69,54,78,82,80
1149,57,58,62,72,83,69,77
1150,317,337,304,311,475,477,368
1151,124,146,143,148,105,96,122
1152,164,193,188,187,251,267,169
1153,235,211,260,291,262,191,236
1154,51,95,65,80,100,77,68
1155,66,65,76,63,50,60,54
1156,45,67,70,58,93,102,57
1157,92,80,93,82,31,42,84
1158,70,62,73,64,53,79,56
1159,73,67,65,78,96,113,74
1160,53,66,63,63,62,39,62
1161,55,52,51,122,95,125,68
1162,72,65,76,78,90,109,54
1163,105,86,117,84,28,34,112
1164,40,36,55,76,46,30,78
1165,65,48,71,68,73,91,77
1166,67,84,102,104,96,98,75
1167,81,84,73,87,103,79,77
1168,167,162,185,215,352,323,199
1169,115,150,170,160,120,153,131
1170,68,61,58,42,67,85,72
1171,58,37,56,63,70,90,53
1172,42,54,58,74,48,120,49
1173,80,82,74,102,118,101,72
1174,149,130,130,147,84,52,148
1175,122,178,190,219,232,216,172
1176,91,113,97,106,129,121,101
1177,107,104,116,94,103,122,113
1178,223,239,231,223,79,61,249
1179,100,98,126,90,100,99,90
1180,137,111,97,139,170,188,120
1181,176,171,187,193,201,210,144
1182,47,49,65,48,74,80,63
1183,36,45,37,56,61,100,48
1184,119,128,127,139,142,155,79
1185,257,263,245,254,142,106,310
1186,75,57,62,74,82,73,66
1187,62,50,49,86,110,88,78
1188,107,122,87,122,142,155,148
1189,94,72,60,98,69,53,74
1190,393,369,347,440,518,488,360
1191,65,60,54,56,65,66,61
1192,63,54,66,72,78,89,63
1193,112,106,103,144,77,66,108
1194,174,175,143,162,207,215,188
1195,51,55,59,67,102,111,56
1196,93,101,85,101,108,108,97
1197,115,134,131,142,172,144,126
1198,79,62,61,72,85,87,87
1199,131,143,149,146,43,38,161
1200,47,69,64,83,67,74,72
1201,149,80,93,176,194,225,152
1202,22,26,25,47,44,54,27
1203,144,115,134,185,243,267,121
1204,91,93,82,125,183,189,100
1205,103,103,84,95,86,128,120
1206,62,68,56,59,52,62,66
1207,61,64,63,74,100,111,42
1208,95,87,92,133,172,142,86
1209,53,38,53,50,75,68,52
1210,73,70,60,99,94,87,72
1211,167,167,146,224,362,348,184
1212,75,59,89,68,82,114,79
1213,231,245,236,253,127,123,237
1214,86,93,81,73,3,16,111
1215,48,40,57,40,44,55,38
1216,104,93,119,100,77,63,110
1217,130,103,119,191,151,187,151
1218,182,194,164,169,71,63,193
1219,44,49,50,58,90,82,40
1220,221,201,197,216,94,74,205
1221,167,193,148,238,260,277,141
1222,82,79,81,89,92,77,60
1223,130,125,111,187,96,92,132
1224,85,90,93,132,104,120,97
1225,68,88,82,78,45,35,63
1226,515,545,491,461,557,595,497
1227,129,124,135,122,106,147,135
1228,133,120,109,96,142,152,120
1229,617,572,668,641,638,691,602
1230,45,69,50,82,86,89,77
1231,136,143,174,161,284,200,155
1232,63,69,81,71,69,69,61
1233,49,56,75,88,88,86,48
1234,28,23,27,31,73,80,25
1235,77,74,87,79,85,108,72
1236,104,119,110,126,146,156,139
1237,64,50,71,84,89,76,86
1238,97,102,106,122,106,109,99
1239,66,71,68,76,80,77,83
1240,171,154,140,138,112,135,159
1241,39,44,37,82,131,151,42
1242,63,61,45,82,75,92,63
1243,51,53,49,33,25,15,4
1244,137,163,165,196,182,176,156
1245,86,71,61,81,101,87,74
1246,62,61,64,63,137,175,59
1247,83,71,79,89,105,88,81
1248,107,111,98,129,139,125,112
1249,244,236,231,249,161,149,235
1250,218,196,195,233,134,112,192
1251,82,91,73,87,94,113,80
1252,105,148,150,227,308,281,141
1253,60,71,62,56,82,90,62
1254,52,58,54,52,57,52,69
1255,38,35,33,53,38,54,45
1256,246,282,281,232,273,324,268
1257,266,265,264,313,408,394,304
1258,284,264,272,274,237,251,211
1259,74,58,74,50,58,54,60
1260,92,103,90,117,75,98,92
1261,109,149,139,102,54,47,93
1262,114,117,113,120,154,134,98
1263,240,303,258,428,328,402,238
1264,102,105,96,110,203,199,65
1265,66,60,75,83,80,75,41
1266,58,88,56,86,102,84,77
1267,153,144,143,167,206,238,134
1268,328,353,340,338,306,312,384
1269,0,0,0,117,240,359,351
1270,81,67,60,104,148,166,63
1271,183,185,196,169,203,232,191
1272,119,119,119,89,91,108,109
1273,131,123,132,150,161,145,133
1274,52,51,71,63,72,86,82
1275,66,58,71,104,82,97,89
1276,138,152,115,145,79,83,142
1277,76,59,63,66,115,96,44
1278,37,41,47,76,127,99,43
1279,90,79,80,104,98,84,99
1280,94,68,71,86,74,81,57
1281,71,73,77,64,95,98,66
1282,47,68,70,71,40,42,83
1283,148,196,157,188,292,274,163
1284,82,56,67,83,94,91,89
1285,121,120,120,113,115,137,108
1286,112,118,103,110,104,117,75
1287,132,111,112,156,134,150,172
1288,106,73,87,119,105,145,78
1289,58,61,77,87,132,97,64
1290,67,80,81,100,140,141,56
1291,40,56,54,60,122,119,52
1292,167,179,177,224,273,226,178
1293,147,162,146,152,146,157,166
1294,55,51,47,70,98,79,53
1295,75,80,68,111,108,85,67
1296,573,643,653,742,1293,1277,611
1297,199,227,221,200,233,247,176
1298,137,125,151,144,190,177,162
1299,193,172,188,190,145,132,148
1300,67,68,56,79,68,82,51
1301,80,81,78,96,141,129,87
1302,465,475,424,561,1147,1173,501
1303,186,198,165,203,191,175,212
1304,86,82,86,118,122,136,91
1305,75,227,336,256,217,359,383
1306,295,356,283,334,509,558,347
1307,78,81,54,98,61,79,72
1308,364,385,355,384,350,326,368
1309,299,362,305,303,173,118,222
1310,266,274,235,266,389,397,250
1311,80,61,70,104,139,122,80
1312,90,81,101,130,130,122,105
1313,41,30,42,52,76,62,28
1314,185,171,182,213,263,222,136
1315,190,203,50,228,274,286,183
1316,74,51,53,90,119,108,50
1317,116,104,110,122,126,126,105
1318,68,72,73,86,166,190,77
1319,39,39,29,41,48,46,37
1320,92,89,103,71,14,26,106
1321,68,76,57,70,71,99,55
1322,147,148,157,201,272,265,169
1323,82,86,95,94,107,104,101
1324,150,183,162,191,169,167,177
1325,130,147,141,154,169,164,158
1326,338,422,447,490,641,523,392
1327,120,98,105,101,121,135,157
1328,51,48,60,75,82,67,48
1329,89,88,90,105,89,72,112
1330,47,51,72,59,61,56,49
1331,32,33,27,51,55,53,29
1332,129,132,139,136,266,257,107
1333,84,93,74,84,75,79,95
1334,100,69,57,79,95,81,89
1335,85,88,88,135,257,201,131
1336,64,59,69,60,55,55,56
1337,37,31,32,68,93,84,39
1338,117,98,116,130,154,127,114
1339,139,174,154,195,256,278,154
1340,127,141,154,150,112,105,129
1341,120,123,128,136,185,172,139
1342,116,91,106,140,193,150,83
1343,53,120,145,166,125,110,125
1344,171,202,175,165,226,312,168
1345,84,86,94,119,127,121,85
1346,1019,1018,1003,1118,1616,1703,1183
1347,86,81,81,79,116,104,71
1348,109,142,141,176,188,196,124
1349,87,112,118,88,110,132,120
1350,443,462,467,551,489,429,399
1351,89,69,76,97,120,138,77
1352,59,52,41,59,77,91,38
1353,462,418,436,436,159,109,488
1354,207,205,211,243,213,249,200
1355,374,390,387,413,454,464,361
1356,154,167,159,181,209,233,152
1357,136,159,155,181,190,184,114
1358,189,195,188,24,332,354,171
1359,45,33,43,36,61,71,36
1360,64,57,48,49,111,66,56
1361,150,176,168,189,139,97,171
1362,58,50,54,64,66,85,61
1363,93,113,98,103,123,111,101
1364,46,66,64,92,142,143,69
1365,347,338,338,364,350,329,316
1366,165,157,151,155,21,21,178
1367,74,27,56,159,97,136,61
1368,122,94,104,111,131,91,114
1369,78,68,71,58,58,75,74
1370,149,138,173,167,106,150,141
1371,120,119,130,124,45,53,109
1372,1125,1100,1111,995,321,179,1126
1373,377,373,401,420,705,779,307
1374,45,60,60,70,69,68,40
1375,75,87,76,82,46,54,85
1376,123,143,127,151,164,200,141
1377,164,167,181,163,297,253,138
1378,115,74,90,89,55,55,84
1379,275,263,281,301,256,230,261
1380,80,55,73,105,86,79,60
1381,156,149,174,211,202,185,148
1382,65,64,68,60,63,73,61
1383,195,199,188,178,118,148,210
1384,30,8,15,81,142,91,30
1385,92,97,82,94,116,118,84
1386,87,85,77,52,83,101,79
1387,130,104,118,129,277,256,109
1388,61,58,58,70,105,111,57
1389,85,91,109,119,137,139,85
1390,31,36,41,40,58,76,31
1391,147,160,159,136,98,143,143
1392,264,282,276,273,253,226,283
1393,57,71,61,75,103,84,46
1394,437,465,419,410,315,333,485
1395,98,101,105,106,115,115,103
1396,334,326,362,343,341,351,297
1397,209,207,175,215,324,335,154
1398,36,46,46,51,77,87,38
1399,115,124,104,181,122,161,127
1400,150,152,160,156,123,128,194
1401,89,88,96,98,88,90,79
1402,91,106,87,88,49,64,102
1403,125,119,124,136,202,238,105
1404,148,142,149,146,147,130,135
1405,71,85,72,80,67,75,77
1406,56,69,64,57,64,73,53
1407,92,82,99,77,66,48,84
1408,73,73,65,76,72,59,89
1409,236,252,261,219,229,257,228
1410,119,113,122,119,185,179,118
1411,146,154,166,199,210,200,143
1412,110,121,115,172,258,241,90
1413,98,94,100,94,71,58,116
1414,40,47,48,40,60,52,45
1415,60,70,56,58,84,100,76
1416,43,41,54,55,107,78,45
1417,171,176,169,158,173,195,195
1418,97,104,90,76,77,99,107
1419,139,143,138,130,109,122,129
1420,255,232,227,215,101,112,227
1421,109,102,102,87,106,119,129
1422,89,115,97,120,191,122,105
1423,86,82,71,73,115,94,76
1424,156,153,171,215,253,260,143
1425,70,84,85,71,76,71,64
1426,588,570,604,617,145,132,622
1427,194,150,143,188,253,256,194
1428,74,75,65,99,103,114,78
1429,101,121,132,126,134,131,127
1430,43,54,43,68,22,25,47
1431,114,120,115,123,141,166,121
1432,202,269,255,485,585,490,283
1433,73,70,74,69,64,76,34
1434,487,516,537,560,470,448,477
1435,60,56,50,82,89,92,65
1436,263,248,225,288,454,403,248
1437,76,84,97,99,112,123,103
1438,79,134,171,168,248,185,130
1439,127,140,96,148,147,161,152
1440,115,138,114,143,148,146,121
1441,83,99,85,93,109,87,113
1442,51,38,52,48,52,61,47
1443,83,65,72,119,92,71,80
1444,53,57,42,80,150,134,60
1445,227,181,170,198,220,224,229
1446,257,268,262,289,170,190,274
1447,100,95,86,78,4,6,85
1448,55,33,37,34,75,45,25
1449,90,104,91,123,81,125,123
1450,68,45,44,67,94,107,58
1451,125,142,159,162,157,154,190
1452,65,49,43,71,75,86,57
1453,113,117,107,109,165,175,90
1454,162,154,147,132,162,148,149
1455,109,130,121,115,126,93,111
1456,94,92,108,102,94,112,83
1457,139,126,109,121,138,122,142
1458,77,81,78,107,116,99,73
1459,60,0,0,0,0,0,0
1460,37,38,40,83,138,120,26
1461,452,388,388,496,582,631,390
1462,0,0,0,0,0,0,0
1463,68,71,56,87,94,78,86
1464,0,0,0,0,16,221,112
1465,0,0,0,0,0,0,2
1466,106,124,110,92,119,121,125
1467,133,151,136,146,154,173,141
1468,118,111,124,132,203,229,117
1469,529,505,540,628,794,773,398
1470,65,66,74,115,173,144,64
1471,57,52,70,90,128,126,53
1472,330,303,356,361,384,432,327
1473,106,94,109,124,113,129,111
1474,159,154,170,248,336,299,155
1475,39,46,40,52,66,59,40
1476,63,55,71,68,67,71,70
1477,219,206,254,245,79,75,220
1478,268,242,287,241,213,262,248
1479,42,54,51,254,187,184,48
1480,111,66,64,82,75,69,56
1481,93,85,92,97,90,124,89
1482,90,102,69,93,143,141,75
1483,335,307,360,384,397,343,293
1484,160,158,134,227,274,225,143
1485,90,79,94,146,165,161,97
1486,68,70,48,78,107,75,51
1487,31,29,39,42,48,46,35
1488,107,101,107,125,115,104,128
1489,219,198,223,238,225,239,214
1490,98,94,83,102,137,137,86
1491,79,89,78,95,82,133,139
1492,70,67,65,70,75,63,63
1493,94,86,100,101,30,35,87
1494,139,166,186,178,260,233,175
1495,106,97,99,98,64,53,96
1496,147,146,142,154,177,181,154
1497,77,85,75,85,99,94,56
1498,67,68,79,82,88,110,59
1499,113,101,101,116,176,149,111
1500,199,169,177,204,252,267,206
1501,232,240,223,257,219,179,247
1502,188,158,185,166,124,140,192
1503,194,178,188,195,141,137,187
1504,101,112,124,119,90,80,112
1505,75,90,56,89,71,63,78
1506,58,67,59,86,100,98,83
1507,65,74,95,81,66,82,74
1508,55,37,55,51,97,82,46
1509,62,68,62,81,88,73,63
1510,40,42,37,52,56,49,31
1511,80,122,101,149,254,174,68
1512,73,53,71,126,123,132,78
1513,66,58,79,96,117,109,71
1514,171,163,187,169,95,97,168
1515,220,197,191,205,256,316,191
1516,68,78,59,82,59,59,79
1517,55,62,48,80,129,116,52
1518,85,96,105,90,112,110,73
1519,113,104,111,94,101,152,115
1520,53,58,84,50,66,36,36
1521,88,99,93,90,96,101,101
1522,142,107,133,125,121,108,129
1523,90,107,83,70,68,65,89
1524,128,148,133,150,181,175,124
1525,123,114,128,133,118,95,103
1526,9,21,17,12,27,21,13
1527,66,51,57,67,85,105,50
1528,439,335,395,369,374,470,467
1529,26,48,50,39,19,23,46
1530,54,56,77,74,51,59,67
1531,87,89,88,108,92,122,107
1532,107,100,91,105,80,64,110
1533,69,78,107,99,147,132,100
1534,82,104,119,116,94,119,138
1535,583,712,757,769,801,958,705
1536,83,82,76,127,118,157,110
1537,66,79,65,71,129,127,62
1538,106,84,100,130,156,163,73
1539,134,132,136,165,225,184,121
1540,83,88,130,205,211,259,107
1541,61,97,58,80,95,102,73
1542,48,30,52,62,69,66,47
1543,68,59,62,54,70,72,74
1544,156,133,161,154,260,330,169
1545,68,85,80,72,85,86,73
1546,71,67,55,71,78,87,52
1547,46,50,56,94,124,118,39
1548,47,29,96,29,35,31,33
1549,132,107,115,93,130,132,105
1550,154,133,124,160,129,136,174
1551,131,160,93,112,116,81,112
1552,49,49,56,57,99,77,37
1553,122,109,100,99,137,142,87
1554,120,119,120,109,85,78,133
1555,130,141,141,164,251,249,109
1556,176,168,152,166,141,144,1
1557,335,286,333,359,413,384,317
1558,83,96,89,91,235,237,78
1559,38,69,67,102,95,106,62
1560,229,196,211,234,273,274,219
1561,304,305,292,247,29,21,336
1562,67,53,51,51,95,63,72
1563,44,58,41,56,54,59,53
1564,148,150,163,167,240,201,147
1565,95,101,87,62,48,43,98
1566,74,110,100,94,89,108,93
1567,84,98,62,80,62,46,114
1568,176,122,164,229,365,331,180
1569,99,93,98,93,91,107,112
1570,138,138,155,157,206,196,151
1571,410,413,585,466,160,191,579
1572,120,94,113,165,113,120,115
1573,248,227,208,215,159,159,238
1574,80,90,77,86,95,89,66
1575,75,71,64,60,85,74,52
1576,99,90,80,104,148,119,69
1577,23,30,29,46,80,60,24
1578,108,112,104,116,82,90,102
1579,23,35,34,44,83,72,40
1580,130,143,125,151,307,321,132
1581,59,53,60,61,54,79,53
1582,104,106,108,102,131,121,92
1583,216,245,262,279,251,203,276
1584,240,188,176,204,209,238,200
1585,92,99,92,108,83,64,93
1586,44,56,64,54,90,73,37
1587,54,41,51,60,59,73,39
1588,70,91,110,115,128,123,85
1589,125,146,131,134,90,101,148
1590,221,236,276,164,238,313,228
1591,179,169,188,157,150,138,201
1592,66,57,77,59,82,89,85
1593,56,61,84,90,94,89,66
1594,78,99,102,122,132,109,73
1595,74,81,58,95,119,114,76
1596,169,162,148,150,136,106,167
1597,244,251,260,243,108,33,274
1598,50,58,61,71,50,52,42
1599,89,79,85,102,101,95,95
1600,62,69,69,82,79,83,58
1601,79,81,68,51,70,60,70
1602,69,68,65,90,99,87,94
1603,154,136,162,240,172,170,167
1604,39,36,40,62,85,70,48
1605,207,262,196,234,335,295,240
1606,85,69,89,88,65,49,90
1607,47,35,53,55,68,69,42
1608,130,116,119,116,108,121,133
1609,127,122,82,66,86,121,92
1610,279,291,254,258,302,257,266
1611,93,95,112,106,189,228,89
1612,151,195,179,187,175,147,206
1613,400,389,393,380,70,58,397
1614,67,64,77,67,106,140,51
1615,250,250,281,276,114,92,291
1616,450,407,412,442,622,606,451
1617,60,65,71,77,68,51,76
1618,80,102,79,92,109,16,89
1619,150,148,164,172,248,268,130
1620,261,289,291,294,166,203,311
1621,175,102,138,137,118,127,137
1622,122,135,113,133,158,135,137
1623,291,278,224,347,625,475,269
1624,350,371,342,407,478,475,362
1625,177,167,159,167,195,206,172
1626,380,347,413,390,202,161,379
1627,170,143,160,195,213,214,174
1628,94,113,115,129,120,146,114
1629,1822,1997,1866,2051,3088,3392,1841
1630,96,90,104,109,70,122,81
1631,305,293,307,336,444,418,352
1632,49,41,42,51,84,69,53
1633,68,75,69,75,113,94,80
1634,109,103,103,92,100,133,99
1635,60,50,48,68,94,89,68
1636,91,90,90,85,78,67,76
1637,150,152,149,145,92,93,161
1638,117,104,116,131,201,199,103
1639,46,72,58,72,189,161,69
1640,28,27,27,56,127,133,24
1641,59,79,70,80,92,92,70
1642,254,262,234,263,254,247,244
1643,22,31,48,47,65,52,29
1644,105,124,115,141,170,166,116
1645,303,312,280,304,295,285,325
1646,62,62,60,72,100,106,55
1647,193,229,224,282,344,299,251
1648,172,209,207,233,260,287,204
1649,44,41,41,47,70,69,35
1650,239,254,248,246,104,124,291
1651,107,99,104,103,89,104,84
1652,108,119,103,81,109,104,106
1653,104,96,82,119,136,116,97
1654,55,65,58,75,72,86,56
1655,70,112,111,101,54,42,120
1656,49,55,45,52,74,63,57
1657,109,107,99,103,114,126,114
1658,250,286,297,291,240,270,327
1659,79,74,81,67,79,67,81
1660,50,56,53,66,99,97,46
1661,405,383,8,0,555,590,333
1662,90,76,67,80,113,95,63
1663,308,305,318,293,353,334,249
1664,64,61,39,86,76,92,62
1665,149,135,152,137,125,91,127
1666,218,188,213,239,368,354,246
1667,301,315,366,433,308,321,346
1668,106,94,113,148,192,181,83
1669,89,109,94,83,107,161,114
1670,172,165,158,194,271,242,151
1671,70,88,78,105,121,126,79
1672,58,59,54,93,152,119,52
1673,219,240,194,303,332,325,214
1674,45,66,63,64,72,69,52
1675,64,79,60,87,127,109,58
1676,118,101,113,128,154,133,121
1677,90,102,103,110,183,135,105
1678,75,86,90,95,106,115,75
1679,146,136,144,125,55,45,134
1680,159,170,149,169,96,69,166
1681,51,46,53,64,118,126,75
1682,114,90,103,116,102,112,105
1683,39,27,38,57,99,110,27
1684,74,83,57,86,110,130,73
1685,125,102,131,86,75,68,118
1686,82,82,90,83,21,19,82
1687,487,525,503,615,899,876,601
1688,92,94,83,85,104,66,70
1689,63,66,91,84,114,119,82
1690,203,239,263,289,254,208,198
1691,31,34,43,38,52,54,35
1692,178,135,175,190,313,455,153
1693,105,81,104,76,124,163,126
1694,29,14,22,23,105,124,22
1695,102,85,90,94,108,129,82
1696,107,92,99,111,87,83,123
1697,100,107,86,163,234,187,93
1698,408,466,407,346,239,167,421
1699,55,84,58,70,97,131,63
1700,83,106,105,112,137,121,108
1701,101,93,94,88,99,102,77
1702,51,56,65,72,58,29,61
1703,32,30,33,35,85,47,34
1704,415,461,397,395,347,355,425
1705,76,79,66,87,93,106,70
1706,263,268,253,275,75,71,244
1707,395,311,380,343,374,408,459
1708,141,115,108,208,143,190,126
1709,879,846,825,844,192,173,916
1710,211,186,213,197,227,208,201
1711,103,113,120,105,120,73,113
1712,49,66,54,75,82,88,50
1713,69,69,83,74,45,55,81
1714,178,207,192,183,127,73,192
1715,61,56,49,45,93,103,29
1716,190,159,181,129,33,10,183
1717,233,242,232,288,384,438,223
1718,86,55,62,71,60,54,76
1719,269,279,281,220,234,232,309
1720,272,290,205,211,171,178,199
1721,61,54,57,54,52,32,49
1722,162,156,173,195,247,216,168
1723,77,81,77,100,85,99,66
1724,113,92,100,102,105,96,93
1725,80,138,150,204,224,189,162
1726,250,270,319,313,463,495,309
1727,205,189,216,225,177,179,252
1728,94,95,110,114,100,40,122
1729,67,73,76,106,112,134,47
1730,51,37,57,71,123,99,55
1731,76,60,70,91,90,89,59
1732,131,175,148,200,226,213,139
1733,101,113,128,109,17,8,128
1734,99,79,118,92,119,105,94
1735,59,73,72,111,128,136,76
1736,38,39,45,48,55,55,40
1737,78,88,85,76,18,15,105
1738,118,120,107,120,118,146,132
1739,70,59,63,65,55,59,61
1740,127,1,121,128,131,85,130
1741,65,73,59,89,131,135,57
1742,86,108,84,80,65,45,95
1743,230,282,214,269,317,321,250
1744,117,118,120,154,153,145,97
1745,365,399,409,442,561,558,431
1746,90,106,106,93,110,127,70
1747,16,14,15,18,51,84,13
1748,86,75,73,70,124,125,80
1749,47,63,54,51,53,69,54
1750,132,127,109,116,159,134,100
1751,215,259,195,231,284,278,278
1752,199,302,271,278,409,372,232
1753,247,259,255,249,196,175,285
1754,67,49,54,61,67,58,54
1755,80,79,65,81,99,88,90
1756,125,130,127,155,208,211,141
1757,77,75,81,122,174,155,78
1758,34,43,44,62,88,70,43
1759,368,413,394,368,383,343,482
1760,120,117,118,132,138,130,109
1761,40,42,39,44,98,95,42
1762,181,157,179,207,154,151,214
1763,119,176,142,139,146,117,127
1764,104,105,120,111,48,36,108
1765,127,148,145,154,195,183,143
1766,103,113,131,121,126,112,132
1767,156,109,132,134,172,194,130
1768,264,240,248,274,141,118,288
1769,36,80,72,76,41,89,50
1770,196,190,169,175,296,305,145
1771,200,196,184,173,136,136,190
1772,22,29,39,38,126,106,38
1773,64,77,69,88,121,110,49
1774,97,87,102,94,45,23,116
1775,230,251,223,240,295,276,201
1776,105,91,111,126,169,200,112
1777,79,87,85,99,67,99,85
1778,177,204,189,209,194,236,185
1779,254,231,205,251,123,98,229
1780,81,78,99,76,94,91,52
1781,80,60,63,63,36,45,75
1782,28,81,102,124,130,136,87
1783,358,325,318,446,507,633,359
1784,218,202,219,224,279,220,195
1785,70,67,70,99,86,97,77
1786,209,190,213,192,194,200,189
1787,153,133,134,161,103,140,153
1788,65,47,35,46,70,75,60
1789,118,124,133,131,97,103,130
1790,291,260,283,387,279,321,314
1791,85,100,94,136,108,93,106
1792,115,83,118,125,132,125,87
1793,117,78,92,75,115,142,87
1794,100,96,84,97,163,146,108
1795,61,88,77,77,134,117,62
1796,161,160,169,239,310,290,204
1797,92,85,125,103,75,35,131
1798,62,80,73,77,53,32,76
1799,97,102,84,106,89,114,126
1800,70,63,60,73,72,70,65
1801,72,86,89,109,205,191,70
1802,43,60,42,50,43,47,40
1803,69,100,74,110,111,70,120
1804,107,118,101,127,288,325,70
1805,54,61,76,66,64,33,52
1806,89,74,117,116,50,34,108
1807,103,106,95,134,169,163,90
1808,50,61,56,52,37,51,57
1809,152,126,156,170,159,138,114
1810,119,87,111,131,87,89,117
1811,108,101,124,100,89,85,99
1812,75,57,82,83,165,119,62
1813,124,125,162,157,162,136,151
1814,131,107,113,111,83,55,117
1815,67,72,75,86,87,75,61
1816,62,50,63,64,69,43,70
1817,169,151,166,181,156,145,164
1818,231,234,183,206,175,247,261
1819,47,37,33,41,67,64,35
1820,124,97,89,99,136,158,72
1821,841,935,859,896,1435,1401,854
1822,91,97,98,67,93,83,88
1823,73,76,90,84,141,136,69
1824,0,0,0,0,0,0,0
1825,150,150,130,160,143,145,187
1826,197,180,196,159,251,263,196
1827,60,50,54,79,79,76,60
1828,161,158,198,215,237,246,170
1829,107,129,157,179,184,177,121
1830,40,32,33,31,57,43,38
1831,691,657,673,617,239,135,678
1832,92,106,105,77,109,102,107
1833,57,42,46,49,74,80,48
1834,42,69,76,81,71,50,58
1835,53,52,58,80,94,102,50
1836,118,121,134,154,173,161,132
1837,73,73,83,71,123,125,71
1838,108,100,139,148,153,175,124
1839,116,137,111,138,262,211,116
1840,26,40,52,97,56,65,36
1841,36,18,37,65,95,61,30
1842,252,217,230,233,234,276,255
1843,851,713,674,656,100,115,679
1844,77,86,89,76,136,113,110
1845,81,66,66,58,75,55,58
1846,57,15,46,56,120,108,63
1847,62,49,56,56,93,56,69
1848,70,69,55,87,105,107,80
1849,84,90,60,82,60,53,73
1850,261,270,269,302,411,433,163
1851,156,141,133,181,127,87,130
1852,69,89,69,83,104,121,82
1853,196,187,231,250,183,145,146
1854,143,146,134,159,146,162,153
1855,213,210,198,222,111,67,208
1856,90,69,87,69,5,4,86
1857,102,98,109,99,114,103,124
1858,104,102,95,111,55,33,106
1859,285,296,323,331,320,379,295
1860,85,92,100,130,202,188,91
1861,192,185,175,214,333,297,179
1862,37,41,38,72,124,140,41
1863,121,123,131,121,140,145,92
1864,119,141,153,126,110,113,136
1865,37,54,50,76,150,128,52
1866,117,84,97,68,49,68,127
1867,253,230,232,229,58,38,217
1868,61,60,62,83,103,95,59
1869,51,64,54,84,92,117,54
1870,104,121,105,100,67,59,116
1871,49,48,45,59,64,55,35
1872,277,304,270,310,387,395,280
1873,135,130,115,115,98,95,155
1874,195,189,204,237,203,209,171
1875,777,736,794,753,37,49,809
1876,182,182,178,222,210,192,169
1877,101,115,127,158,194,162,104
1878,120,125,128,166,132,160,133
1879,89,83,68,67,83,95,90
1880,173,147,144,205,250,256,154
1881,500,537,552,514,278,330,518
1882,154,157,153,164,233,201,143
1883,45,58,54,68,102,82,53
1884,86,96,110,129,175,195,113
1885,91,84,91,107,96,68,79
1886,125,149,113,85,93,114,109
1887,84,98,86,128,162,172,92
1888,81,73,64,69,97,85,77
1889,80,61,58,48,15,12,66
1890,419,386,403,400,211,215,439
1891,45,42,41,53,52,51,41
1892,105,91,74,116,147,167,85
1893,49,45,56,57,80,65,45
1894,205,204,212,204,50,44,229
1895,167,153,197,187,182,151,177
1896,48,40,57,54,70,94,59
1897,72,77,90,72,73,85,93
1898,293,317,344,353,575,518,323
1899,22,33,19,23,42,27,16
1900,58,53,73,74,50,51,38
1901,424,498,419,509,622,708,448
1902,130,127,97,100,118,126,100
1903,231,216,218,265,340,277,196
1904,167,179,160,118,115,114,143
1905,178,155,158,193,167,157,187
1906,360,361,371,425,640,666,358
1907,152,131,131,128,96,48,109
1908,40,68,63,70,103,106,43
1909,68,68,104,70,86,57,73
1910,50,58,61,59,49,47,67
1911,95,74,83,120,158,133,83
1912,166,135,172,185,245,225,157
1913,35,48,43,38,45,46,41
1914,147,155,167,185,172,153,191
1915,90,89,107,66,35,36,67
1916,97,110,110,112,100,99,110
1917,121,102,107,101,128,136,99
1918,7,8,4,14,8,5,10
1919,85,117,125,109,117,108,140
1920,84,62,65,79,52,49,81
1921,175,119,127,156,182,195,140
1922,285,265,252,268,391,428,233
1923,114,130,110,123,155,168,112
1924,58,60,81,95,110,110,72
1925,0,0,0,0,0,0,0
1926,89,80,82,82,38,34,83
1927,432,475,430,498,358,398,567
1928,777,729,799,1292,943,970,878
1929,82,79,80,78,36,44,105
1930,115,96,108,131,122,140,90
1931,372,356,362,347,385,364,348
1932,230,261,237,226,267,324,271
1933,62,63,67,90,108,102,55
1934,86,82,73,93,115,119,87
1935,274,251,332,282,280,304,271
1936,148,124,141,157,173,208,110
1937,193,205,193,169,192,156,147
1938,65,82,74,132,226,178,77
1939,140,177,172,182,248,286,166
1940,109,116,105,110,148,130,100
1941,181,166,180,195,198,183,190
1942,64,81,91,98,115,152,61
1943,96,127,109,102,144,112,162
1944,522,478,513,527,640,646,526
1945,349,304,331,343,306,353,326
1946,104,94,97,128,163,155,94
1947,44,48,57,52,25,19,45
1948,227,198,226,185,249,256,242
1949,62,65,67,72,86,84,84
1950,236,255,255,254,377,446,253
1951,108,98,94,113,146,130,92
1952,55,51,52,60,79,85,45
1953,60,66,72,77,92,84,47
1954,358,357,363,437,525,552,357
1955,128,136,151,217,266,230,109
1956,143,160,135,156,147,179,142
1957,95,92,86,96,122,110,99
1958,215,205,222,238,136,135,214
1959,379,394,401,311,216,332,371
1960,162,182,181,193,255,263,181
1961,95,112,106,91,78,67,102
1962,142,114,127,137,169,158,160
1963,105,139,121,129,100,67,121
1964,95,94,98,110,98,64,105
1965,104,122,101,119,131,162,150
1966,232,270,246,228,137,115,292
1967,172,197,202,228,296,220,165
1968,2,4,5,11,15,9,3
1969,87,97,94,66,103,97,90
1970,236,244,222,247,323,351,152
1971,242,230,244,263,209,160,228
1972,52,91,101,87,126,151,52
1973,72,76,49,51,41,30,63
1974,163,163,190,185,128,137,162
1975,177,180,167,267,264,274,151
1976,64,106,78,107,98,101,91
1977,112,133,132,158,136,122,156
1978,181,202,182,273,247,244,137
1979,65,72,56,71,74,66,64
1980,50,43,43,38,68,67,42
1981,111,91,85,104,76,106,107
1982,47,48,64,64,64,39,81
1983,85,109,84,86,87,123,78
1984,69,61,62,52,54,61,53
1985,391,414,457,571,487,430,431
1986,98,85,91,88,102,105,63
1987,45,50,54,63,145,112,37
1988,161,169,147,173,267,305,195
1989,43,61,63,119,109,143,69
1990,80,78,86,96,118,119,57
1991,130,150,148,126,128,132,143
1992,59,75,56,62,121,120,49
1993,0,0,0,80,74,71,58
1994,150,138,152,128,134,128,158
1995,61,69,60,68,55,71,58
1996,85,81,89,83,77,75,76
1997,313,286,285,283,97,121,341
1998,460,460,471,439,236,309,513
1999,271,310,310,355,499,538,309
2000,163,159,177,148,78,60,163
