shopid,2016-10-18,2016-10-19,2016-10-20,2016-10-21,2016-10-22,2016-10-23,2016-10-24
1,244,177,207,230,202,243,216
2,0,0,0,61,155,143,78
3,59,71,88,103,127,125,47
4,90,112,59,80,211,221,81
5,201,210,221,187,161,240,454
6,104,104,90,107,88,76,104
7,101,94,113,132,152,200,124
8,49,55,73,46,68,89,68
9,180,213,226,208,220,310,246
10,90,139,93,84,92,115,60
11,114,96,77,73,53,58,89
12,43,51,49,60,62,87,35
13,225,223,236,248,228,256,285
14,51,56,45,28,59,41,58
15,107,123,127,145,168,226,121
16,58,41,43,57,50,67,38
17,82,81,84,86,147,114,81
18,75,3,0,59,117,81,80
19,152,149,143,102,142,246,159
20,162,149,172,150,128,119,159
21,67,73,73,79,138,139,74
22,81,101,98,115,131,124,103
23,12,12,12,6,3,1,28
24,65,56,49,138,202,204,77
25,115,97,115,153,152,146,110
26,57,69,64,52,144,148,63
27,68,69,80,70,93,101,96
28,67,39,44,81,97,103,67
29,83,81,93,100,183,195,110
30,31,43,39,45,56,66,46
31,311,381,224,244,593,508,305
32,410,462,429,452,179,104,427
33,66,57,60,71,123,74,60
34,350,347,333,423,521,446,362
35,110,136,166,127,219,206,98
36,55,74,76,68,64,82,52
37,217,227,202,205,239,346,187
38,93,95,111,86,60,66,121
39,286,198,195,210,189,386,286
40,92,82,86,70,89,120,75
41,170,160,144,169,265,353,157
42,106,91,62,100,95,82,80
43,49,74,72,98,81,107,60
44,73,56,49,57,71,78,76
45,31,35,37,38,53,49,25
46,207,178,128,145,192,194,210
47,180,152,138,171,98,101,150
48,360,388,348,423,563,636,347
49,388,398,315,323,498,709,481
50,61,68,69,71,61,88,66
51,84,52,59,63,49,43,70
52,49,52,50,90,136,123,39
53,120,122,127,154,145,121,126
54,356,357,286,341,335,324,318
55,342,324,353,405,339,398,330
56,52,61,65,68,91,58,69
57,251,277,283,295,289,245,259
58,1376,1438,1629,1576,1641,2103,1743
59,153,160,165,263,188,160,178
60,168,167,172,180,161,134,154
61,83,79,87,80,103,109,88
62,79,77,56,74,93,81,79
63,217,176,146,220,192,288,181
64,155,139,110,101,119,103,159
65,311,310,342,383,536,675,321
66,71,51,72,95,86,97,69
67,60,62,53,64,83,80,56
68,44,41,58,60,76,56,63
69,99,81,97,102,134,126,99
70,47,56,49,66,81,77,52
71,142,166,139,191,152,132,194
72,306,476,548,519,657,632,511
73,101,88,107,103,106,113,92
74,93,106,107,117,116,131,117
75,95,117,95,95,79,68,70
76,35,43,10,7,92,51,65
77,95,124,116,148,112,146,150
78,63,52,52,40,35,48,56
79,164,150,152,141,35,77,147
80,46,70,71,58,63,78,63
81,145,96,95,78,94,134,136
82,100,107,107,107,90,74,111
83,123,130,98,133,157,203,99
84,162,178,174,152,189,286,153
85,73,57,55,85,102,102,65
86,123,111,117,137,156,181,122
87,133,147,118,114,21,18,140
88,405,474,347,529,587,622,407
89,28,38,38,60,76,52,42
90,213,178,162,173,226,373,193
91,87,103,83,81,119,117,103
92,112,106,106,150,203,193,108
93,144,132,187,105,146,92,181
94,96,91,112,60,94,70,88
95,108,108,100,120,75,82,111
96,91,97,110,114,138,168,122
97,178,198,154,167,184,187,195
98,73,59,83,63,87,76,82
99,79,56,66,54,35,49,68
100,424,359,366,438,330,263,367
101,101,110,95,113,122,173,139
102,124,138,139,119,118,144,144
103,64,67,68,67,70,63,61
104,115,99,98,131,93,70,89
105,81,66,65,104,145,182,64
106,57,48,64,58,84,65,70
107,57,51,60,92,158,174,71
108,85,67,84,81,131,139,93
109,111,124,129,122,100,98,123
110,166,154,153,133,142,121,138
111,56,58,66,69,110,76,68
112,101,86,164,140,175,144,117
113,155,165,142,150,84,115,105
114,603,603,559,626,381,570,585
115,438,473,449,450,361,451,519
116,412,446,507,379,388,404,567
117,116,117,137,156,243,251,104
118,73,70,74,66,26,28,83
119,37,45,35,63,88,93,36
120,223,248,254,240,297,420,279
121,54,47,50,48,56,59,41
122,60,42,61,68,67,77,50
123,102,108,80,73,127,110,98
124,278,376,397,356,375,587,395
125,47,43,28,40,51,43,48
126,124,115,112,95,100,94,112
127,113,55,50,54,119,97,57
128,31,58,40,58,103,94,32
129,172,160,188,228,259,279,158
130,322,340,232,256,358,310,345
131,76,71,54,74,95,53,78
132,57,54,64,75,82,64,34
133,113,103,101,96,71,69,103
134,425,450,364,386,346,383,448
135,158,129,135,116,120,208,183
136,115,95,84,103,99,82,109
137,79,81,85,94,74,56,88
138,280,276,238,239,140,208,260
139,54,49,65,77,154,123,41
140,387,429,325,351,184,166,332
141,45,49,29,29,65,82,45
142,459,410,408,451,197,186,462
143,123,124,130,134,103,91,106
144,95,114,72,79,133,211,107
145,55,64,50,73,75,70,67
146,454,464,449,546,757,756,489
147,127,131,121,126,103,124,141
148,80,65,58,98,93,79,63
149,129,168,155,177,269,215,168
150,36,80,63,43,118,88,61
151,167,92,97,94,71,60,85
152,48,45,40,60,71,69,45
153,52,50,64,79,103,78,71
154,84,99,99,115,68,73,109
155,101,111,116,136,154,159,125
156,115,157,169,36,238,167,140
157,85,104,68,104,145,128,94
158,56,73,33,82,58,59,69
159,46,57,48,60,85,82,57
160,326,325,318,275,83,103,306
161,133,130,88,173,123,136,142
162,64,60,75,85,85,64,83
163,79,75,80,86,96,143,76
164,178,212,236,218,139,126,192
165,105,108,48,110,115,139,109
166,41,47,45,69,169,117,38
167,130,148,165,135,111,136,182
168,123,116,113,97,91,98,116
169,83,98,105,124,180,189,95
170,47,46,38,56,75,92,36
171,237,254,232,273,211,246,258
172,164,146,137,127,313,311,141
173,161,175,135,152,174,249,170
174,188,199,143,204,151,238,242
175,91,65,80,116,195,174,79
176,71,62,69,70,142,127,71
177,103,112,96,142,129,167,94
178,90,60,66,77,86,124,99
179,63,62,64,69,71,76,55
180,235,181,252,250,239,479,266
181,63,73,73,73,105,82,76
182,42,59,33,35,69,66,40
183,197,178,227,230,118,124,168
184,88,85,88,70,96,87,72
185,88,105,106,84,133,110,123
186,135,153,103,148,196,249,117
187,65,75,93,64,81,64,82
188,100,83,62,72,76,134,95
189,416,396,400,466,581,811,476
190,61,71,81,1,79,52,45
191,0,34,76,41,53,54,73
192,31,30,56,32,75,88,22
193,108,124,132,142,184,177,98
194,50,43,37,33,27,23,53
195,51,38,55,58,96,114,55
196,31,36,44,24,119,133,58
197,32,38,37,55,82,83,42
198,143,147,109,127,75,65,119
199,161,135,137,164,149,253,194
200,186,127,179,171,214,345,196
201,27,34,22,71,62,100,44
202,195,201,230,162,135,170,166
203,354,356,363,355,666,767,390
204,85,89,114,97,110,64,89
205,84,93,111,123,100,112,100
206,56,53,52,63,96,92,43
207,56,65,66,77,193,193,47
208,91,92,111,108,207,196,116
209,66,60,34,58,48,114,79
210,73,66,91,153,135,143,94
211,81,93,85,106,127,133,92
212,41,44,50,62,96,94,37
213,74,77,74,62,50,64,95
214,33,39,33,34,83,84,39
215,124,130,121,159,333,308,111
216,42,48,42,42,51,37,46
217,369,353,353,465,588,584,337
218,47,51,51,40,20,11,74
219,39,69,34,64,50,69,54
220,114,100,94,107,61,53,90
221,85,112,114,148,153,161,91
222,22,32,22,34,32,25,30
223,67,87,72,92,125,88,73
224,72,80,87,77,19,20,96
225,84,89,90,91,64,77,86
226,182,175,205,181,165,199,196
227,40,26,46,61,104,104,60
228,57,56,42,55,61,83,78
229,53,58,81,81,115,93,83
230,79,68,56,57,75,86,77
231,70,85,55,71,67,76,65
232,75,56,61,62,76,75,58
233,235,254,229,394,619,656,228
234,157,129,144,175,165,186,143
235,128,108,117,147,179,190,131
236,52,47,28,41,42,51,49
237,47,46,55,53,58,77,66
238,75,69,68,60,64,61,75
239,72,80,80,104,115,125,78
240,302,310,306,338,235,254,290
241,101,73,81,79,123,115,97
242,89,55,97,75,51,66,80
243,218,202,195,272,404,361,202
244,123,158,259,162,190,219,204
245,105,139,172,156,165,173,146
246,22,23,24,20,77,108,26
247,150,212,144,164,168,161,183
248,78,57,62,49,47,66,62
249,166,145,176,131,63,53,173
250,50,52,63,59,97,85,51
251,107,121,89,117,55,34,110
252,110,101,180,88,204,202,179
253,60,69,70,82,136,130,64
254,97,153,171,108,86,126,100
255,90,82,96,91,64,66,72
256,177,175,199,225,264,290,196
257,84,91,74,86,70,85,96
258,50,57,58,98,91,66,46
259,73,57,68,61,60,83,82
260,47,81,50,77,77,76,58
261,84,79,101,133,188,160,76
262,108,132,114,139,107,133,121
263,88,126,90,98,102,121,101
264,81,73,112,94,102,144,138
265,95,105,95,115,152,156,114
266,43,54,41,54,54,56,35
267,81,112,104,99,102,106,93
268,75,79,143,50,85,57,103
269,121,102,78,72,70,84,126
270,89,83,78,75,122,98,101
271,62,70,61,52,67,52,49
272,533,574,569,487,422,449,575
273,104,130,110,131,138,145,100
274,69,55,66,18,49,39,68
275,496,539,711,583,603,558,618
276,126,116,103,113,111,208,143
277,27,36,32,44,83,84,30
278,201,249,293,270,418,405,260
279,411,415,464,424,696,592,445
280,60,65,56,71,101,102,62
281,158,146,155,177,175,229,153
282,294,257,259,259,138,123,295
283,43,66,47,68,106,85,62
284,35,30,13,23,36,41,24
285,268,280,262,311,243,279,261
286,342,432,580,340,179,229,413
287,208,194,216,258,262,266,221
288,80,68,61,70,100,144,69
289,42,62,67,51,80,70,46
290,67,60,64,55,52,50,67
291,134,129,129,177,74,52,136
292,131,121,152,133,114,88,168
293,191,233,190,211,187,181,165
294,117,128,137,143,116,102,117
295,48,48,91,63,71,83,74
296,327,391,398,436,498,599,398
297,265,256,340,353,320,295,341
298,414,370,308,415,694,746,373
299,148,150,160,185,217,290,205
300,42,46,50,68,57,73,62
301,88,65,93,85,107,87,57
302,176,173,159,125,80,126,188
303,27,34,45,55,82,95,52
304,200,200,187,301,240,220,210
305,71,97,108,115,180,143,100
306,441,444,502,215,102,123,523
307,51,65,61,86,108,121,73
308,113,92,40,64,39,41,71
309,160,149,180,183,105,94,167
310,124,150,235,135,234,242,146
311,108,107,112,140,23,13,104
312,89,95,122,105,103,129,117
313,634,600,627,92,220,284,568
314,139,120,163,169,193,131,116
315,172,156,154,163,134,167,165
316,36,1,201,209,111,160,234
317,51,42,50,56,115,129,41
318,124,141,144,171,172,172,116
319,192,168,267,94,122,230,217
320,183,223,170,317,415,386,216
321,111,113,103,106,150,133,136
322,65,68,89,78,99,75,75
323,202,210,175,212,209,163,187
324,102,105,116,81,73,86,150
325,56,64,72,65,112,89,49
326,75,51,65,70,112,99,65
327,47,66,67,81,77,81,70
328,114,132,149,161,148,221,144
329,74,92,68,77,57,70,63
330,33,37,43,95,126,108,38
331,412,394,363,384,77,81,349
332,86,107,82,113,151,127,104
333,108,105,79,66,78,148,95
334,135,170,156,140,141,161,156
335,158,158,183,166,86,59,198
336,209,199,227,196,281,334,230
337,77,77,81,110,128,130,65
338,361,379,328,359,887,1092,378
339,73,81,81,102,145,132,87
340,56,76,66,74,59,79,63
341,150,131,93,206,309,322,126
342,110,132,124,98,109,99,123
343,138,158,176,136,135,88,81
344,119,127,162,169,210,144,113
345,83,97,87,109,114,99,70
346,194,238,229,231,207,233,264
347,53,31,51,49,51,63,47
348,255,237,243,275,440,471,269
349,93,102,102,81,115,75,99
350,279,304,274,272,108,97,262
351,127,106,94,111,81,90,105
352,282,296,275,289,1,11,276
353,51,61,26,59,64,70,64
354,66,69,57,69,57,85,62
355,68,54,48,75,47,27,86
356,112,122,157,163,148,153,111
357,65,58,51,53,63,56,57
358,176,180,153,159,90,104,182
359,152,121,125,181,202,190,147
360,104,110,111,100,205,237,113
361,214,235,246,273,126,112,188
362,133,144,156,149,134,111,116
363,90,64,66,79,62,68,58
364,99,104,94,120,172,170,80
365,53,52,59,84,85,87,68
366,109,87,90,91,51,30,75
367,96,65,79,73,57,95,95
368,322,315,262,239,165,150,365
369,95,88,124,138,149,159,103
370,191,177,155,215,382,474,157
371,229,220,210,193,327,329,194
372,56,49,44,51,51,74,57
373,64,41,43,50,62,78,45
374,56,66,90,64,87,60,66
375,55,56,44,60,57,70,36
376,33,54,17,41,48,40,42
377,128,117,113,127,94,93,110
378,157,167,161,176,175,155,147
379,42,30,38,46,109,101,25
380,188,192,183,224,280,289,182
381,43,43,37,37,37,48,47
382,46,53,54,44,59,85,90
383,92,86,98,67,71,93,101
384,92,83,88,89,30,25,79
385,55,34,36,44,49,63,33
386,167,180,189,249,185,218,163
387,65,62,68,93,88,93,60
388,84,70,65,114,121,128,61
389,99,96,102,120,112,87,91
390,42,64,49,86,182,157,31
391,211,240,171,403,257,266,239
392,361,367,333,270,130,131,305
393,290,415,585,349,543,532,464
394,164,185,166,150,197,159,155
395,272,246,226,217,166,195,215
396,104,84,101,107,71,74,115
397,141,103,101,0,118,242,108
398,108,112,120,129,99,118,117
399,76,79,63,93,149,183,85
400,80,69,86,67,79,79,79
401,85,85,95,121,76,65,106
402,214,218,167,183,147,232,249
403,76,85,79,100,125,133,79
404,177,132,122,173,242,335,161
405,148,160,149,154,113,69,175
406,179,199,185,164,186,203,224
407,182,155,159,151,194,245,212
408,249,294,317,345,479,527,288
409,103,99,73,101,93,98,85
410,72,69,43,133,102,143,62
411,13,21,14,30,25,29,22
412,107,82,78,87,47,28,76
413,171,214,206,164,182,162,206
414,423,429,365,483,666,579,443
415,92,74,68,67,39,42,68
416,46,44,95,6,117,95,50
417,18,35,36,28,43,61,24
418,138,131,108,171,185,175,149
419,25,33,57,44,31,43,48
420,87,85,113,87,95,82,79
421,34,57,37,59,102,86,23
422,77,57,117,107,101,85,66
423,77,66,62,83,200,175,65
424,61,64,74,63,127,124,55
425,98,98,90,113,145,163,91
426,156,185,180,236,188,160,127
427,158,126,136,108,59,79,127
428,188,165,180,175,157,167,165
429,42,28,42,66,52,45,37
430,100,94,126,55,92,94,93
431,55,56,64,64,81,112,73
432,45,42,52,54,74,91,43
433,62,87,158,81,67,91,94
434,30,27,37,32,70,92,46
435,322,326,341,384,1152,813,327
436,410,465,467,514,575,534,394
437,100,111,77,46,49,34,50
438,56,76,67,82,97,103,67
439,139,132,141,152,140,149,151
440,71,85,70,77,75,78,91
441,216,170,186,173,248,366,206
442,100,90,93,129,142,115,80
443,68,71,52,78,89,87,57
444,109,71,61,56,47,105,109
445,167,234,229,235,232,184,186
446,32,33,44,41,59,46,46
447,264,265,228,201,98,91,206
448,195,194,182,153,49,48,173
449,22,17,20,41,78,93,24
450,60,70,43,49,53,71,71
451,103,116,112,148,197,209,128
452,179,216,239,235,250,340,241
453,60,55,65,56,53,50,65
454,72,50,66,59,75,61,53
455,114,157,114,130,132,183,149
456,46,39,60,52,102,95,68
457,32,45,30,58,101,140,54
458,86,92,93,178,139,164,111
459,5,7,10,63,97,47,7
460,251,286,277,300,92,38,264
461,55,51,58,56,54,68,52
462,68,70,54,69,94,102,54
463,129,156,169,152,156,184,164
464,75,81,65,86,169,172,62
465,417,324,365,363,594,858,438
466,51,56,55,78,180,116,67
467,87,91,90,69,109,114,102
468,44,42,52,58,73,74,41
469,64,58,61,55,79,72,80
470,48,39,56,92,117,127,34
471,91,90,80,78,115,101,99
472,411,497,353,573,665,655,449
473,100,99,91,78,39,38,111
474,32,19,1,11,6,4,2
475,129,115,129,127,121,99,129
476,71,55,79,62,28,32,98
477,79,65,91,89,75,116,104
478,31,39,65,29,48,40,43
479,70,65,68,54,110,133,63
480,52,57,45,0,66,53,53
481,54,59,59,72,74,54,41
482,72,76,60,100,140,130,77
483,55,75,73,71,71,58,69
484,81,70,58,218,221,291,89
485,82,91,125,108,81,164,127
486,74,64,66,101,83,102,84
487,62,54,63,32,42,75,58
488,73,65,61,61,82,78,90
489,94,88,67,76,63,63,72
490,42,29,46,37,64,57,24
491,250,257,260,251,363,366,267
492,77,79,46,94,110,88,73
493,139,131,119,115,115,117,123
494,54,59,72,63,106,124,59
495,37,53,61,54,124,118,43
496,102,110,109,104,93,155,110
497,77,57,53,136,115,128,56
498,77,96,35,85,73,103,121
499,54,49,47,59,80,66,60
500,117,138,133,224,283,264,112
501,189,196,212,141,115,129,155
502,118,128,152,145,227,203,112
503,93,104,101,101,94,71,114
504,76,73,90,126,112,82,72
505,97,83,116,105,55,24,123
506,57,55,54,85,142,153,78
507,229,222,294,256,233,202,294
508,140,173,148,142,83,93,153
509,34,45,47,76,35,77,37
510,52,72,68,57,60,62,65
511,132,138,124,144,208,204,128
512,98,65,47,105,94,85,62
513,151,120,148,144,162,151,142
514,57,84,94,107,77,109,93
515,103,122,134,146,164,160,139
516,92,80,87,80,88,79,85
517,2668,1485,1751,1845,3560,3944,1586
518,61,40,48,63,75,105,65
519,188,190,186,231,202,210,174
520,100,107,94,83,95,71,7
521,62,65,58,38,68,91,66
522,97,117,132,161,185,173,119
523,35,67,43,41,60,52,50
524,73,84,72,84,5,0,56
525,25,43,60,42,69,65,49
526,93,81,77,91,117,130,91
527,64,51,59,57,32,39,72
528,376,363,357,415,614,617,337
529,123,115,118,103,86,68,115
530,633,699,976,180,199,92,928
531,151,114,120,129,139,202,102
532,111,103,115,108,131,173,120
533,165,87,115,51,80,101,131
534,29,22,33,57,98,76,38
535,180,186,213,191,198,223,150
536,65,71,78,76,72,105,87
537,103,126,92,140,168,210,107
538,37,45,38,41,133,122,29
539,74,93,110,108,110,97,73
540,69,82,64,81,109,87,99
541,155,137,155,156,169,164,187
542,69,89,85,102,110,93,86
543,82,72,67,89,95,103,60
544,44,70,87,111,112,154,83
545,64,92,175,130,374,267,120
546,76,68,56,61,102,97,48
547,77,95,89,94,98,101,73
548,143,105,100,112,115,180,121
549,78,68,55,55,64,116,70
550,102,102,102,96,93,89,90
551,101,104,92,95,98,124,94
552,93,100,120,114,149,183,103
553,229,298,250,315,352,359,261
554,97,77,71,116,174,169,84
555,31,83,88,104,48,180,153
556,40,54,41,54,44,34,62
557,209,298,290,310,302,281,344
558,77,107,99,114,107,115,112
559,245,244,239,183,38,45,223
560,155,133,163,165,133,185,136
561,73,75,90,54,6,8,71
562,76,99,81,66,14,14,67
563,42,58,41,39,63,50,48
564,168,184,174,248,343,307,145
565,268,254,282,323,307,276,258
566,74,88,18,94,94,93,66
567,73,76,56,84,59,59,61
568,88,125,106,144,179,246,105
569,252,201,209,130,138,241,207
570,152,137,150,182,177,205,171
571,163,191,185,160,95,108,197
572,312,327,328,387,395,432,388
573,45,53,47,60,74,72,50
574,48,51,58,88,51,44,49
575,173,157,188,165,136,125,190
576,64,79,70,81,84,86,69
577,462,511,558,529,596,814,520
578,86,127,140,120,152,73,120
579,125,114,115,121,128,170,119
580,491,567,532,558,789,1065,545
581,105,76,59,65,75,95,86
582,38,45,35,46,94,73,26
583,41,32,38,74,100,103,31
584,92,74,86,93,110,153,89
585,78,83,94,79,54,96,112
586,104,98,73,107,67,88,85
587,101,109,90,100,134,157,123
588,37,47,36,71,67,78,49
589,47,45,49,68,70,58,42
590,141,111,126,135,142,144,117
591,54,43,39,61,81,66,32
592,306,310,245,308,445,575,400
593,183,175,189,241,327,282,190
594,38,24,33,63,126,120,42
595,417,396,282,224,101,197,492
596,54,38,49,43,52,52,35
597,82,67,41,73,65,87,81
598,73,68,83,100,73,97,79
599,32,46,49,33,63,73,62
600,205,220,237,247,270,247,214
601,88,84,119,132,119,118,97
602,71,70,77,82,115,92,74
603,83,84,82,92,104,89,99
604,125,129,167,154,85,89,205
605,71,62,64,62,70,66,47
606,151,121,130,135,138,141,146
607,68,76,89,88,73,113,95
608,239,322,275,286,310,346,291
609,94,68,75,76,90,117,84
610,78,72,79,95,139,100,72
611,133,148,153,145,202,200,149
612,69,75,85,101,91,116,85
613,150,219,187,193,330,348,159
614,173,162,181,208,172,173,167
615,110,124,122,167,176,167,83
616,62,79,85,73,113,95,66
617,99,99,131,101,60,112,106
618,218,191,168,140,82,7,200
619,20,27,37,41,58,64,41
620,187,151,164,130,114,160,180
621,115,130,142,137,109,89,135
622,49,33,47,58,62,90,27
623,92,74,108,115,99,95,79
624,158,147,105,143,119,178,146
625,87,89,101,116,96,128,111
626,123,227,155,123,121,137,127
627,269,24,118,145,129,95,134
628,130,146,117,182,310,307,136
629,133,126,99,131,164,214,130
630,97,78,103,108,164,157,91
631,160,198,186,185,157,158,183
632,0,0,22,55,23,2,0
633,57,57,57,55,67,76,68
634,71,85,71,54,84,117,92
635,57,62,54,67,62,58,49
636,114,83,90,81,67,113,82
637,255,249,214,255,166,160,246
638,293,297,357,33,324,303,317
639,81,67,73,71,90,111,79
640,137,112,137,125,173,161,127
641,64,39,75,57,72,60,59
642,124,116,136,167,122,137,148
643,85,100,87,97,98,106,85
644,27,29,26,32,71,63,40
645,92,133,132,93,106,96,91
646,119,114,52,88,68,90,105
647,129,113,119,178,212,180,123
648,85,90,113,105,130,99,104
649,186,182,162,171,62,70,187
650,413,466,637,552,876,798,569
651,285,335,343,314,182,154,285
652,137,132,120,162,173,312,141
653,109,119,92,117,116,134,92
654,144,117,78,88,106,56,52
655,41,49,65,61,84,73,72
656,190,190,196,153,122,197,236
657,79,44,71,89,99,80,73
658,157,153,151,225,195,193,132
659,0,0,0,0,0,0,0
660,74,61,43,38,58,98,77
661,84,94,134,132,154,144,97
662,81,87,95,83,57,46,107
663,94,88,67,85,101,102,71
664,59,78,52,84,118,123,48
665,96,90,75,80,126,106,76
666,132,67,72,78,48,40,47
667,301,241,213,236,241,307,277
668,156,90,113,165,196,226,127
669,95,84,81,94,114,119,86
670,134,111,135,163,178,187,118
671,188,208,167,239,267,314,177
672,71,65,114,107,136,231,96
673,69,81,72,85,109,115,81
674,187,188,208,130,106,43,194
675,60,50,63,77,93,91,48
676,125,117,119,168,181,189,123
677,69,85,162,88,116,118,90
678,67,77,112,116,67,82,96
679,486,551,469,583,674,703,525
680,77,66,91,62,51,72,72
681,84,74,87,112,136,121,60
682,53,53,56,60,71,74,58
683,0,4,21,23,93,85,33
684,64,69,72,75,72,70,63
685,201,248,172,222,462,483,277
686,135,137,110,101,115,184,134
687,69,68,68,88,98,120,61
688,77,94,97,87,111,96,103
689,76,70,81,57,76,92,66
690,101,117,96,77,118,153,127
691,155,174,127,133,242,250,157
692,100,80,70,96,120,111,76
693,73,88,67,72,75,60,70
694,154,49,145,134,101,98,132
695,144,123,159,198,305,317,105
696,64,89,81,94,76,98,87
697,129,127,98,110,69,76,116
698,65,59,57,42,46,79,66
699,86,81,65,63,65,76,84
700,0,0,0,0,0,33,62
701,84,91,79,112,123,112,94
702,118,88,104,113,128,134,63
703,111,109,70,93,31,42,81
704,95,64,82,84,49,41,83
705,42,38,47,66,134,151,26
706,86,80,69,70,76,60,86
707,84,80,74,0,89,82,63
708,101,98,98,59,113,110,77
709,49,55,58,41,58,65,70
710,56,64,78,85,85,104,54
711,125,128,116,120,77,70,129
712,75,79,73,91,138,149,70
713,197,190,195,192,216,209,190
714,160,145,123,142,240,246,139
715,209,237,195,237,307,322,223
716,118,138,158,132,110,95,134
717,87,101,100,119,148,166,92
718,99,137,76,95,96,104,84
719,118,112,94,134,181,184,101
720,155,165,193,187,162,159,172
721,137,145,69,54,53,64,192
722,130,90,103,85,44,41,126
723,179,159,170,212,236,238,176
724,32,32,41,34,61,39,36
725,115,127,128,119,101,116,138
726,58,62,61,69,63,79,65
727,23,23,34,30,52,54,31
728,466,421,566,287,485,406,511
729,206,266,210,310,320,315,231
730,222,237,303,241,386,340,182
731,1408,1555,1718,1653,1559,1584,1714
732,73,102,84,109,221,184,98
733,175,158,160,140,170,144,146
734,44,29,31,145,254,226,118
735,45,2,0,1,74,72,108
736,92,108,105,118,124,141,92
737,297,328,363,384,384,381,301
738,181,190,120,162,178,229,103
739,66,39,76,100,105,94,62
740,89,63,80,114,135,88,74
741,71,77,48,64,88,122,75
742,603,545,593,547,436,644,672
743,103,129,133,120,48,33,127
744,72,93,74,97,188,171,63
745,76,72,76,74,31,27,74
746,53,77,77,64,98,79,70
747,377,295,329,388,476,701,477
748,118,113,121,189,181,161,137
749,34,24,28,34,49,34,21
750,144,142,126,193,139,155,157
751,111,110,83,102,91,104,99
752,49,106,145,42,155,77,116
753,66,49,57,68,84,80,62
754,99,132,164,151,122,159,190
755,89,123,93,115,148,134,95
756,163,191,155,141,133,142,184
757,132,132,141,155,218,168,149
758,70,68,65,56,44,64,67
759,138,113,111,85,79,110,147
760,113,113,103,146,151,176,98
761,56,48,83,13,90,88,92
762,110,127,94,139,150,174,109
763,74,101,91,108,110,128,94
764,63,57,68,88,82,124,57
765,108,118,102,79,61,86,116
766,46,39,45,66,82,74,52
767,70,72,49,10,111,73,50
768,107,101,90,114,94,102,105
769,100,123,157,206,173,168,111
770,33,36,50,67,83,64,40
771,78,86,103,94,136,136,74
772,116,125,151,133,166,196,125
773,130,143,118,194,205,211,139
774,156,151,153,188,238,194,159
775,311,346,318,396,330,301,308
776,174,217,188,204,285,418,216
777,186,192,193,177,119,142,212
778,98,138,133,107,73,90,116
779,211,260,260,248,152,244,241
780,110,119,109,123,121,100,139
781,152,170,135,211,268,269,161
782,14,31,35,31,48,37,44
783,111,94,97,109,97,76,107
784,55,66,39,71,71,63,76
785,77,79,76,66,68,63,83
786,40,60,41,79,82,62,26
787,73,77,76,105,133,128,88
788,354,347,375,364,269,229,301
789,180,211,208,198,65,69,200
790,36,36,47,56,47,75,44
791,80,82,80,81,91,100,59
792,220,217,207,179,146,154,225
793,51,45,43,70,98,94,49
794,193,222,188,202,177,182,272
795,133,106,102,92,66,74,139
796,23,36,55,53,130,110,49
797,80,70,86,95,115,116,72
798,105,84,89,89,23,30,99
799,83,100,95,101,159,160,98
800,179,158,133,146,176,311,184
801,89,81,64,131,126,107,90
802,48,79,76,59,123,136,63
803,292,286,241,158,149,180,342
804,69,85,87,78,102,120,137
805,260,259,208,233,156,136,194
806,472,414,422,468,763,953,475
807,57,49,67,80,127,150,51
808,196,231,274,366,288,403,266
809,50,61,37,45,74,86,50
810,0,0,0,0,0,0,0
811,42,35,45,46,44,67,35
812,196,168,156,156,52,34,170
813,85,71,67,64,78,88,62
814,237,221,252,209,189,187,206
815,55,60,45,70,91,89,47
816,271,336,240,295,374,467,310
817,122,138,107,107,65,137,111
818,50,57,49,77,93,90,42
819,89,76,91,86,25,47,90
820,222,200,220,242,226,237,235
821,201,145,138,137,200,267,204
822,54,77,68,64,97,112,62
823,97,102,87,82,107,115,85
824,105,102,102,107,120,147,104
825,589,669,611,543,678,750,704
826,114,111,94,105,110,88,97
827,80,66,55,54,50,35,62
828,42,49,73,57,58,54,48
829,233,299,380,330,327,562,410
830,78,72,60,100,108,148,74
831,242,239,197,217,229,274,235
832,104,69,79,88,64,76,63
833,53,58,44,52,71,56,47
834,78,54,59,82,119,127,71
835,102,120,129,103,131,105,104
836,72,70,81,95,169,123,90
837,92,105,115,105,62,63,114
838,122,141,124,170,130,124,146
839,77,64,71,85,134,104,68
840,218,212,277,356,287,243,167
841,60,35,42,37,35,50,62
842,29,43,24,29,45,96,33
843,42,57,83,58,83,91,61
844,86,80,90,97,132,109,64
845,62,64,81,65,77,68,65
846,69,51,48,52,76,55,40
847,51,54,64,63,103,171,54
848,145,138,152,103,94,67,146
849,51,63,71,82,117,128,66
850,178,184,222,351,241,260,153
851,84,70,80,115,88,101,74
852,85,79,83,93,243,205,75
853,76,72,72,105,188,211,104
854,378,395,476,502,582,602,505
855,56,37,47,40,51,59,55
856,39,48,45,45,72,74,38
857,51,47,46,60,76,69,40
858,96,99,115,131,114,128,100
859,98,108,95,96,85,132,145
860,511,493,499,507,664,939,557
861,80,158,186,384,348,341,169
862,186,172,140,140,167,237,193
863,35,54,58,74,43,76,111
864,662,714,400,637,546,638,699
865,228,207,196,242,304,371,242
866,377,341,315,275,84,39,332
867,95,155,136,142,115,122,148
868,274,223,280,276,236,261,271
869,271,275,342,365,411,374,286
870,255,182,200,230,225,345,277
871,79,62,50,78,73,90,59
872,303,318,354,311,135,93,324
873,190,183,180,105,113,151,193
874,228,246,248,222,225,170,192
875,96,88,108,89,70,60,99
876,348,281,308,274,204,282,268
877,185,186,177,267,151,174,214
878,55,62,60,66,64,64,58
879,66,61,56,27,74,98,39
880,85,72,65,62,50,77,82
881,117,103,99,151,100,136,126
882,77,102,77,123,101,121,87
883,111,69,79,52,78,96,87
884,147,158,179,162,130,135,166
885,83,97,99,129,153,162,104
886,41,39,57,79,67,94,61
887,55,59,48,91,168,164,48
888,75,88,88,96,39,36,91
889,119,107,102,101,109,211,84
890,51,49,42,65,75,69,41
891,514,617,552,1114,1491,1507,529
892,213,211,180,181,140,151,184
893,49,12,40,56,70,68,57
894,82,99,109,7,198,169,90
895,183,161,178,161,144,138,170
896,106,97,85,112,94,93,91
897,241,241,255,386,573,547,244
898,118,109,128,63,97,87,122
899,104,95,178,227,460,364,145
900,498,572,566,674,1134,965,525
901,141,144,129,135,140,170,125
902,75,68,71,78,51,41,82
903,64,60,53,65,39,29,70
904,54,53,69,59,133,151,72
905,102,94,80,75,94,133,72
906,121,122,112,116,113,138,110
907,78,82,78,96,109,106,60
908,96,103,65,86,94,91,96
909,133,125,102,142,156,182,102
910,262,248,178,196,176,283,273
911,58,65,82,86,97,82,56
912,134,120,116,130,117,102,131
913,48,62,73,89,209,177,48
914,56,66,67,48,68,49,53
915,101,104,102,90,84,156,105
916,318,284,335,389,394,341,320
917,97,87,70,57,61,84,92
918,61,65,51,88,103,105,84
919,55,40,35,61,70,83,43
920,125,26,90,53,27,67,110
921,154,154,124,113,137,117,160
922,77,82,81,76,74,134,79
923,90,69,94,108,143,156,69
924,131,151,138,105,66,111,128
925,116,105,103,102,57,40,97
926,91,78,74,97,91,99,83
927,93,132,90,103,99,109,49
928,112,103,101,116,124,141,106
929,67,55,56,55,60,66,40
930,85,70,73,76,80,74,65
931,153,165,128,122,164,152,163
932,55,65,70,66,42,47,63
933,83,87,110,82,71,119,107
934,580,576,669,607,634,911,720
935,126,141,142,135,78,71,118
936,32,46,34,48,96,102,42
937,74,65,59,99,173,180,66
938,85,71,66,72,69,103,102
939,124,132,131,128,92,104,143
940,112,98,102,76,72,117,126
941,41,53,36,36,69,56,40
942,60,47,57,72,92,87,57
943,59,77,83,91,139,155,95
944,52,54,41,54,60,60,47
945,39,52,33,50,54,69,56
946,114,124,65,112,113,148,124
947,55,61,61,59,63,82,57
948,99,92,87,91,100,96,96
949,46,63,69,65,86,76,47
950,132,163,121,149,143,193,155
951,183,208,189,240,182,262,170
952,103,125,95,125,57,76,112
953,188,159,145,131,139,203,182
954,105,89,90,104,77,97,107
955,89,89,127,112,142,210,101
956,35,35,21,30,40,33,37
957,171,151,176,192,258,275,177
958,152,143,115,97,10,0,32
959,191,199,200,209,216,284,274
960,93,90,93,98,62,60,101
961,264,261,294,312,390,348,238
962,137,97,121,89,109,158,105
963,110,133,101,104,35,53,145
964,137,139,151,240,159,158,155
965,55,77,80,92,104,73,83
966,112,108,113,106,95,132,117
967,94,65,80,89,92,59,72
968,121,131,129,140,139,139,124
969,121,122,113,134,171,150,126
970,126,160,131,125,79,77,124
971,101,109,77,114,126,153,118
972,130,163,139,175,216,192,140
973,176,211,166,202,209,216,197
974,144,129,109,147,116,119,165
975,128,121,97,112,144,153,131
976,76,61,99,70,94,66,100
977,102,102,105,100,125,97,101
978,175,166,182,203,175,166,198
979,100,83,110,108,116,194,109
980,76,79,93,131,127,115,88
981,43,56,98,112,78,124,67
982,74,93,98,114,117,78,109
983,73,79,51,66,90,90,67
984,94,87,98,98,138,169,77
985,345,366,314,290,209,195,310
986,146,176,127,148,123,121,173
987,103,110,97,70,31,42,94
988,299,258,267,229,400,570,331
989,146,146,166,140,127,143,171
990,100,85,92,158,222,233,78
991,87,95,105,96,117,126,87
992,97,126,133,105,58,78,146
993,71,64,53,48,44,72,93
994,106,69,92,124,137,160,74
995,112,123,99,145,132,181,155
996,61,73,43,69,69,61,88
997,106,117,85,105,131,129,113
998,108,165,240,108,285,297,102
999,292,323,377,118,117,136,375
1000,49,58,60,65,134,107,44
1001,30,15,24,40,74,63,19
1002,55,62,35,76,110,102,32
1003,42,56,50,73,79,68,39
1004,81,104,176,150,141,134,144
1005,173,144,143,124,111,112,168
1006,45,59,52,69,79,65,60
1007,115,108,108,110,138,161,141
1008,75,69,50,89,101,74,55
1009,41,45,57,59,83,132,53
1010,56,57,56,56,71,82,55
1011,135,101,102,96,121,131,112
1012,176,201,167,193,171,181,167
1013,136,150,119,144,110,72,107
1014,72,64,70,66,70,65,55
1015,76,84,68,98,81,112,105
1016,53,54,64,49,66,77,64
1017,133,132,116,153,184,197,117
1018,291,297,569,439,752,701,339
1019,99,121,123,136,169,131,131
1020,39,54,50,57,47,34,49
1021,128,108,128,103,124,207,145
1022,104,112,107,128,132,132,94
1023,34,35,35,35,60,56,40
1024,65,69,90,72,72,55,48
1025,153,139,139,150,186,219,150
1026,112,93,121,86,130,127,87
1027,132,105,135,134,173,150,117
1028,82,85,71,31,44,42,75
1029,79,90,79,61,26,41,76
1030,132,128,145,165,56,44,153
1031,49,50,54,59,89,80,33
1032,46,39,47,75,62,80,65
1033,41,46,56,15,110,109,47
1034,104,105,93,99,125,101,80
1035,138,144,136,225,273,276,144
1036,93,75,65,89,92,107,62
1037,45,44,73,48,94,108,66
1038,143,141,147,134,148,189,161
1039,289,312,290,305,372,403,345
1040,53,54,69,54,89,98,44
1041,126,163,144,148,188,216,143
1042,113,114,113,108,200,197,112
1043,187,212,190,231,260,265,160
1044,58,64,101,117,140,136,66
1045,122,118,66,91,189,217,110
1046,52,65,52,51,49,45,40
1047,87,94,139,54,121,79,155
1048,53,45,71,65,57,62,74
1049,97,110,107,88,147,107,95
1050,77,61,34,30,15,50,56
1051,55,41,44,26,38,97,42
1052,263,221,221,201,291,472,229
1053,88,64,73,75,83,124,86
1054,86,101,82,86,83,111,102
1055,72,79,62,117,118,115,74
1056,84,56,64,56,73,131,95
1057,78,85,65,61,93,94,95
1058,62,38,78,72,63,85,81
1059,85,96,90,103,106,129,101
1060,188,200,213,177,172,166,220
1061,117,118,144,189,194,182,132
1062,91,97,81,83,85,101,62
1063,44,40,29,37,74,46,38
1064,62,59,58,68,70,63,55
1065,121,109,110,87,100,106,66
1066,148,189,148,187,203,201,170
1067,181,178,160,188,170,170,203
1068,63,54,65,44,39,52,53
1069,115,138,122,195,231,170,113
1070,64,76,49,82,59,109,101
1071,429,459,395,355,326,518,520
1072,534,489,449,417,268,352,616
1073,51,68,78,68,82,85,75
1074,88,86,97,109,171,190,84
1075,52,66,45,72,89,78,63
1076,101,87,84,76,99,148,110
1077,55,43,58,57,69,60,57
1078,111,97,81,80,62,114,105
1079,68,67,69,78,69,58,64
1080,61,51,35,40,46,58,62
1081,61,78,84,71,91,79,56
1082,55,51,86,43,90,83,50
1083,126,155,138,127,158,143,137
1084,112,102,85,94,145,155,105
1085,100,97,126,151,197,221,102
1086,82,83,53,54,107,83,57
1087,62,78,72,89,117,140,79
1088,106,91,91,110,108,134,104
1089,50,38,49,32,73,76,53
1090,417,390,420,437,185,128,373
1091,74,85,69,75,77,79,83
1092,148,153,126,153,172,194,123
1093,181,205,218,171,67,33,177
1094,114,121,106,148,184,205,126
1095,107,106,90,130,104,118,74
1096,123,131,84,102,99,131,104
1097,41,33,45,45,50,46,41
1098,172,199,172,152,124,188,210
1099,71,93,94,100,86,83,97
1100,31,38,28,32,68,80,28
1101,78,109,103,112,137,172,97
1102,105,90,188,190,266,241,141
1103,53,56,53,61,51,33,50
1104,198,178,198,124,322,559,244
1105,88,86,99,107,117,99,86
1106,66,61,56,62,49,38,92
1107,42,19,20,34,31,60,51
1108,83,95,90,120,162,149,83
1109,71,119,105,155,142,147,106
1110,210,214,196,186,128,130,189
1111,42,67,56,65,52,67,61
1112,67,86,82,57,91,73,73
1113,188,157,159,186,204,220,161
1114,212,200,207,176,74,144,204
1115,44,38,55,43,48,47,41
1116,345,310,313,278,192,211,314
1117,261,259,273,235,299,270,276
1118,95,81,102,132,189,190,76
1119,77,73,70,108,97,97,78
1120,47,46,50,46,53,48,36
1121,146,124,119,151,193,162,106
1122,68,54,160,84,158,149,91
1123,452,443,442,575,758,822,455
1124,24,20,21,44,79,59,9
1125,204,231,255,98,292,241,218
1126,70,107,80,91,121,117,63
1127,67,90,97,76,176,144,100
1128,65,95,66,73,102,114,63
1129,81,103,90,108,157,171,82
1130,94,89,104,94,91,104,134
1131,248,219,210,187,101,64,236
1132,65,61,98,68,79,87,73
1133,52,40,53,50,82,64,44
1134,79,46,73,91,79,111,49
1135,127,132,134,171,234,265,160
1136,205,251,231,261,266,265,214
1137,72,58,61,82,71,85,69
1138,63,61,51,56,106,51,74
1139,70,70,74,92,88,87,54
1140,144,229,200,198,31,36,166
1141,97,93,92,24,119,128,88
1142,73,66,59,78,118,111,78
1143,61,73,64,110,129,81,51
1144,74,79,69,68,82,158,66
1145,72,61,59,67,54,96,73
1146,191,178,143,204,190,212,185
1147,477,478,205,381,352,423,480
1148,75,73,70,65,69,94,71
1149,54,61,82,68,82,79,56
1150,347,307,265,243,370,513,361
1151,126,139,149,111,119,110,133
1152,173,169,202,192,233,320,189
1153,231,245,256,262,227,217,216
1154,59,93,81,104,111,87,87
1155,57,64,36,57,40,37,54
1156,71,52,59,77,101,86,64
1157,73,90,82,86,60,46,85
1158,47,65,50,61,59,87,80
1159,60,63,63,70,86,98,55
1160,50,71,59,45,36,61,57
1161,71,69,72,99,95,125,55
1162,65,60,61,89,100,126,56
1163,103,102,71,62,13,33,99
1164,56,76,73,69,30,26,85
1165,48,60,60,73,83,80,70
1166,89,78,73,73,121,101,68
1167,68,88,88,93,92,91,70
1168,166,164,214,213,359,330,208
1169,125,128,89,168,155,133,139
1170,60,46,59,48,46,88,71
1171,52,57,55,59,85,88,52
1172,35,74,54,56,87,104,44
1173,70,88,96,104,110,134,95
1174,165,145,162,168,69,53,125
1175,177,219,213,187,205,223,215
1176,71,88,109,115,110,134,85
1177,101,90,121,124,107,114,111
1178,227,215,245,205,68,52,253
1179,94,84,108,104,93,112,76
1180,108,124,117,153,193,178,103
1181,153,172,168,175,241,206,161
1182,38,48,51,16,107,91,48
1183,47,39,31,49,40,86,71
1184,116,114,103,143,169,163,107
1185,271,308,242,251,133,113,351
1186,74,58,66,78,86,63,78
1187,93,70,61,128,128,143,59
1188,187,150,124,163,141,129,138
1189,94,70,97,74,75,68,95
1190,369,294,319,455,434,469,346
1191,58,65,40,61,47,52,68
1192,66,56,78,98,106,94,70
1193,97,102,121,122,77,71,123
1194,180,147,182,176,141,311,209
1195,48,64,46,97,61,99,60
1196,89,81,83,87,116,117,67
1197,126,128,119,165,188,168,104
1198,100,69,70,74,61,98,60
1199,149,136,126,144,50,35,150
1200,70,64,67,59,70,80,88
1201,146,164,165,194,213,235,133
1202,27,37,37,41,53,45,38
1203,124,129,143,168,245,279,116
1204,78,89,107,95,175,175,88
1205,54,88,115,106,48,158,112
1206,75,63,53,62,83,64,64
1207,68,67,51,70,122,101,46
1208,96,101,91,94,171,175,83
1209,49,35,40,53,54,57,50
1210,60,61,60,103,127,107,87
1211,174,162,142,229,298,353,186
1212,76,80,61,73,77,94,75
1213,249,266,267,289,104,153,289
1214,109,83,118,103,8,5,106
1215,46,47,44,67,48,47,48
1216,100,92,92,99,76,62,98
1217,121,125,120,224,132,195,138
1218,171,185,161,159,94,76,147
1219,46,56,53,79,72,65,49
1220,224,230,203,230,76,74,214
1221,143,197,134,216,253,277,200
1222,62,54,56,95,83,89,61
1223,145,155,178,208,72,84,129
1224,102,90,110,127,109,126,122
1225,58,56,77,53,61,41,87
1226,452,450,455,433,444,757,520
1227,102,119,98,125,127,158,124
1228,104,94,79,95,104,169,143
1229,535,607,757,675,645,677,653
1230,60,58,56,66,81,60,64
1231,139,128,166,163,261,227,143
1232,65,56,103,44,71,68,60
1233,52,43,53,84,66,100,53
1234,29,25,31,52,87,67,34
1235,81,92,85,81,93,77,100
1236,133,122,131,86,109,149,124
1237,64,63,75,81,75,76,58
1238,118,133,120,104,86,56,110
1239,62,66,72,69,57,102,89
1240,126,144,169,109,112,157,159
1241,38,31,43,35,77,133,38
1242,55,61,71,91,99,114,64
1243,0,0,66,48,22,32,41
1244,161,164,142,216,171,164,158
1245,64,83,62,63,60,69,70
1246,55,64,59,66,102,127,63
1247,85,74,84,82,86,97,72
1248,91,136,120,163,168,162,106
1249,211,198,199,191,192,145,233
1250,172,185,131,94,147,111,186
1251,54,74,101,96,76,114,94
1252,144,156,184,280,347,287,118
1253,56,61,62,68,72,110,72
1254,47,46,51,71,64,64,52
1255,25,43,25,53,54,63,34
1256,284,277,206,216,293,288,229
1257,259,252,277,292,433,414,269
1258,225,216,250,186,189,238,280
1259,62,48,49,44,51,58,55
1260,99,101,82,95,90,120,94
1261,143,116,139,126,45,44,108
1262,101,119,94,110,105,140,125
1263,269,276,206,384,360,430,226
1264,83,104,88,93,217,173,108
1265,48,45,54,70,57,53,42
1266,82,78,71,74,92,92,66
1267,164,163,127,140,175,281,154
1268,372,356,285,373,334,315,327
1269,358,358,375,305,370,416,408
1270,82,76,51,71,142,116,46
1271,120,177,192,134,163,245,180
1272,116,103,94,103,63,78,120
1273,134,141,104,164,192,193,138
1274,60,53,82,73,79,89,87
1275,63,62,87,112,132,113,106
1276,117,118,145,84,104,80,161
1277,60,56,62,76,101,60,51
1278,48,30,34,47,121,109,56
1279,75,89,87,85,87,71,87
1280,54,58,71,66,81,108,56
1281,72,78,49,66,88,96,51
1282,56,57,52,13,55,58,66
1283,153,183,152,172,209,334,185
1284,80,76,80,97,93,92,94
1285,109,109,104,112,100,129,119
1286,92,84,90,142,123,133,96
1287,170,172,163,174,181,138,171
1288,70,57,80,72,80,130,94
1289,75,79,54,64,83,93,71
1290,85,84,78,110,163,153,84
1291,50,43,70,80,138,113,49
1292,167,198,187,204,226,228,145
1293,134,119,177,156,114,151,147
1294,49,42,68,31,69,95,53
1295,73,54,72,96,99,87,84
1296,588,658,609,733,1240,1477,691
1297,199,221,189,228,289,286,177
1298,145,122,144,142,147,224,148
1299,175,174,162,198,114,106,180
1300,50,50,55,95,84,97,55
1301,85,86,96,84,172,135,87
1302,451,479,432,488,1279,1121,582
1303,199,180,173,173,125,150,195
1304,94,79,73,109,108,119,78
1305,382,253,279,174,244,229,238
1306,269,351,243,270,579,567,304
1307,74,77,51,78,72,67,77
1308,389,389,345,362,345,346,380
1309,241,260,239,261,175,205,217
1310,251,238,383,144,428,414,305
1311,44,87,77,96,130,136,93
1312,102,118,107,95,142,98,105
1313,40,46,36,63,104,86,44
1314,94,141,201,111,246,243,171
1315,185,192,198,199,279,257,181
1316,53,44,52,76,98,103,36
1317,110,114,93,93,113,137,122
1318,48,56,56,65,82,154,69
1319,38,38,25,37,44,50,38
1320,98,102,89,83,30,18,103
1321,50,57,45,39,69,90,59
1322,153,165,160,189,270,287,194
1323,111,110,111,129,123,122,97
1324,185,182,165,107,143,116,158
1325,142,145,117,162,171,164,160
1326,346,364,449,473,575,629,372
1327,108,117,121,106,98,151,119
1328,66,58,60,58,68,72,45
1329,88,108,90,98,67,56,98
1330,40,44,72,52,61,58,46
1331,21,47,29,54,58,69,20
1332,98,74,103,93,169,221,107
1333,71,88,99,72,87,92,64
1334,84,87,73,85,91,63,72
1335,103,78,81,94,165,225,97
1336,68,78,74,64,57,66,69
1337,37,27,44,55,103,80,40
1338,127,139,142,149,124,127,105
1339,198,145,138,179,184,227,176
1340,159,161,142,186,123,88,167
1341,76,89,133,115,174,172,101
1342,85,94,94,131,181,166,75
1343,105,136,137,146,94,122,134
1344,160,168,129,151,305,271,171
1345,85,60,78,91,153,131,83
1346,880,988,1091,1203,1542,1831,1148
1347,52,69,79,16,119,101,70
1348,115,105,122,153,114,196,122
1349,91,113,102,97,118,147,137
1350,457,432,384,484,500,444,444
1351,65,85,81,85,130,134,61
1352,43,38,34,67,69,90,59
1353,332,269,442,138,162,115,476
1354,192,172,225,200,164,253,206
1355,375,385,320,458,405,360,346
1356,151,173,149,182,207,224,132
1357,149,127,156,157,196,206,141
1358,151,187,189,165,309,409,184
1359,46,28,37,47,56,76,19
1360,51,48,57,60,72,71,70
1361,192,183,175,161,126,96,196
1362,37,53,44,54,92,65,41
1363,85,81,109,92,97,112,121
1364,53,80,79,84,119,145,51
1365,323,327,279,355,295,299,304
1366,170,197,145,201,30,32,172
1367,72,68,85,172,114,164,86
1368,73,54,114,111,104,99,111
1369,47,57,39,48,50,67,67
1370,158,161,155,136,94,109,88
1371,135,144,175,173,42,59,127
1372,923,921,1039,233,299,358,981
1373,256,308,552,395,758,664,348
1374,60,57,65,65,69,76,47
1375,105,57,74,93,52,48,66
1376,149,152,107,174,232,215,115
1377,181,163,137,206,249,249,166
1378,77,75,107,85,79,68,72
1379,273,297,306,291,201,213,279
1380,73,2,0,0,0,58,35
1381,163,165,173,186,152,190,132
1382,77,67,66,80,58,63,52
1383,234,253,265,220,154,179,229
1384,27,51,15,79,67,70,29
1385,108,54,87,88,57,79,77
1386,61,79,83,81,76,82,59
1387,99,97,98,152,277,358,101
1388,56,57,59,110,122,98,47
1389,85,93,89,102,156,101,78
1390,41,33,41,57,85,78,46
1391,175,156,169,141,118,180,177
1392,272,273,281,302,257,241,296
1393,39,48,58,82,93,79,51
1394,481,493,380,320,259,315,386
1395,97,116,109,112,108,125,96
1396,250,280,463,241,396,443,305
1397,177,243,298,78,392,330,214
1398,44,54,43,67,73,85,30
1399,130,103,148,194,147,175,119
1400,169,164,125,130,141,138,170
1401,82,95,103,87,95,88,109
1402,102,103,88,75,56,63,95
1403,107,131,167,147,255,216,109
1404,144,133,147,155,132,133,130
1405,81,79,48,80,49,76,85
1406,71,79,59,59,48,49,57
1407,82,92,110,95,53,35,45
1408,68,88,66,102,61,84,71
1409,244,239,245,205,183,266,201
1410,119,107,111,141,158,193,118
1411,162,143,169,168,166,176,143
1412,110,107,108,182,312,235,100
1413,89,90,94,93,75,77,95
1414,47,44,31,33,53,68,41
1415,77,67,76,65,63,104,85
1416,47,40,46,63,90,111,35
1417,186,156,157,151,153,200,145
1418,106,97,103,112,97,87,0
1419,126,145,127,151,103,107,126
1420,218,253,209,206,108,78,223
1421,107,129,113,173,123,123,122
1422,95,123,80,132,173,127,86
1423,82,70,76,81,127,93,75
1424,158,127,181,198,199,259,148
1425,54,72,62,77,74,89,70
1426,608,586,598,582,214,102,611
1427,128,173,180,230,251,250,166
1428,60,72,47,71,124,98,55
1429,143,136,132,130,138,131,137
1430,48,55,63,62,26,19,63
1431,134,115,103,131,135,162,111
1432,272,290,199,420,407,461,281
1433,62,51,88,54,82,64,64
1434,495,512,501,549,481,451,502
1435,67,68,37,59,113,98,49
1436,214,260,217,294,435,498,285
1437,121,89,97,112,127,137,95
1438,120,134,124,165,186,225,143
1439,159,159,50,118,105,138,131
1440,123,105,133,128,122,164,127
1441,106,104,78,91,98,94,107
1442,51,47,69,52,54,49,52
1443,95,54,101,101,101,79,71
1444,58,61,43,93,174,139,50
1445,203,152,193,182,169,187,202
1446,255,246,235,292,149,149,290
1447,72,82,79,89,11,8,75
1448,58,58,69,21,101,92,43
1449,101,110,123,164,145,141,127
1450,73,70,63,70,103,108,59
1451,162,114,116,126,112,205,170
1452,64,47,67,52,86,98,40
1453,104,98,82,105,178,201,99
1454,128,143,118,157,103,148,100
1455,104,117,129,113,97,105,129
1456,121,105,100,104,123,105,109
1457,118,87,89,68,64,174,160
1458,65,84,92,81,87,119,63
1459,0,35,72,54,151,98,45
1460,45,39,45,62,127,111,59
1461,364,325,400,478,572,631,456
1462,0,0,1,0,0,83,147
1463,136,99,74,72,84,87,71
1464,123,140,78,149,152,224,117
1465,224,183,208,202,410,490,235
1466,105,121,102,113,126,124,100
1467,160,163,153,165,162,136,157
1468,131,108,127,134,200,259,127
1469,500,446,490,652,661,683,479
1470,77,85,80,140,98,96,63
1471,43,44,56,82,94,119,75
1472,271,273,325,327,296,402,341
1473,104,109,157,105,145,119,105
1474,181,159,147,175,229,300,166
1475,48,36,42,52,60,66,32
1476,65,58,67,75,89,68,60
1477,189,210,201,214,122,137,219
1478,215,217,272,235,173,239,320
1479,55,44,78,87,152,159,58
1480,66,52,45,68,66,74,79
1481,79,79,84,96,84,107,98
1482,85,115,93,90,186,136,79
1483,345,397,361,355,410,361,303
1484,134,131,128,192,258,208,137
1485,115,89,85,103,158,167,96
1486,44,57,67,61,90,76,1
1487,40,25,35,37,34,37,27
1488,118,136,73,104,93,125,116
1489,209,207,235,262,241,230,207
1490,86,95,89,93,179,119,85
1491,78,135,78,110,103,120,76
1492,48,42,58,48,71,63,67
1493,95,107,76,85,18,17,112
1494,183,184,188,244,298,257,166
1495,114,115,122,114,69,56,89
1496,162,146,96,130,144,193,157
1497,57,75,89,109,95,81,84
1498,65,52,64,90,112,126,54
1499,106,97,119,124,126,173,127
1500,189,183,138,182,200,275,229
1501,250,190,203,204,140,160,257
1502,137,160,204,168,180,139,185
1503,128,161,189,154,135,115,143
1504,102,84,94,99,87,83,116
1505,76,85,74,71,52,65,84
1506,53,74,60,76,90,126,88
1507,62,88,61,94,59,105,68
1508,47,55,31,40,84,126,37
1509,72,72,58,85,89,64,67
1510,46,25,28,18,17,60,23
1511,95,88,116,143,274,260,108
1512,87,74,71,84,119,122,56
1513,71,71,65,26,93,103,83
1514,166,178,173,140,118,138,183
1515,175,200,163,220,321,324,193
1516,71,78,69,92,73,53,96
1517,52,64,55,91,111,106,57
1518,70,87,81,83,114,142,91
1519,91,94,91,99,86,119,116
1520,40,55,24,38,58,43,39
1521,76,87,101,93,89,94,91
1522,134,129,144,172,92,115,153
1523,104,100,96,117,89,84,88
1524,130,127,128,152,211,163,148
1525,111,123,110,113,110,103,140
1526,44,71,59,64,43,32,49
1527,39,38,64,67,99,102,46
1528,318,438,374,343,285,422,466
1529,41,43,44,32,36,25,28
1530,58,68,59,88,72,54,60
1531,80,81,82,73,62,106,103
1532,83,88,115,63,60,85,91
1533,89,85,87,132,201,182,95
1534,93,95,89,120,111,109,99
1535,550,753,511,669,735,1007,736
1536,105,106,115,110,111,136,116
1537,62,62,41,72,118,115,37
1538,81,103,99,116,136,153,121
1539,129,121,120,152,200,206,116
1540,84,107,139,254,186,225,139
1541,75,78,93,111,125,97,57
1542,55,57,63,63,74,65,50
1543,55,69,72,54,60,83,69
1544,184,134,110,165,309,270,153
1545,87,82,79,89,80,89,91
1546,79,59,52,76,89,102,58
1547,46,52,55,66,135,126,57
1548,33,35,29,28,38,31,33
1549,134,119,127,119,114,179,116
1550,137,136,116,105,75,156,172
1551,110,133,94,98,78,76,116
1552,45,62,60,61,104,86,48
1553,112,101,118,124,148,131,120
1554,111,117,127,109,81,67,128
1555,134,145,125,175,236,254,146
1556,2,1,2,2,1,1,3
1557,282,262,272,407,414,409,277
1558,63,61,59,62,166,206,68
1559,62,62,61,100,83,93,63
1560,183,200,199,239,281,259,205
1561,304,320,297,244,20,24,358
1562,63,52,48,53,52,70,55
1563,39,33,40,52,55,97,39
1564,151,147,154,206,233,201,128
1565,88,70,91,80,48,45,100
1566,102,94,58,78,82,92,33
1567,87,83,58,45,36,33,80
1568,188,168,123,262,341,307,163
1569,100,99,135,73,83,72,107
1570,146,129,152,154,118,176,148
1571,500,462,465,388,217,180,520
1572,123,108,120,158,128,100,129
1573,226,221,229,225,141,135,228
1574,71,84,76,94,93,94,73
1575,59,60,64,70,100,85,61
1576,62,84,94,109,137,151,92
1577,30,32,22,30,56,67,31
1578,121,118,100,103,81,75,115
1579,39,32,31,44,58,64,47
1580,131,76,99,101,153,275,156
1581,58,53,54,70,82,83,50
1582,114,95,114,118,92,107,100
1583,256,297,257,325,195,169,280
1584,210,206,205,192,217,249,249
1585,131,95,96,99,83,62,125
1586,38,39,39,66,72,65,40
1587,61,70,65,80,74,96,86
1588,93,75,89,114,108,123,94
1589,162,110,111,138,57,94,161
1590,154,192,245,216,183,298,242
1591,183,206,211,199,144,198,203
1592,72,71,77,67,107,72,66
1593,62,52,64,154,102,136,73
1594,101,88,108,140,118,139,86
1595,75,67,78,88,129,127,74
1596,168,165,161,165,111,130,178
1597,226,222,214,103,106,51,283
1598,54,49,45,57,51,37,65
1599,91,83,83,104,98,95,84
1600,59,56,50,43,58,74,54
1601,74,51,58,63,53,73,72
1602,76,86,81,80,63,117,77
1603,149,161,103,214,120,175,190
1604,52,54,43,78,99,96,63
1605,227,218,222,187,287,371,221
1606,69,75,93,103,58,39,85
1607,59,59,51,54,39,66,45
1608,142,147,127,115,245,214,192
1609,57,60,85,55,64,116,83
1610,242,250,235,240,272,261,282
1611,98,89,101,96,184,223,111
1612,215,200,182,182,151,130,190
1613,402,385,379,391,78,63,391
1614,60,62,89,44,107,137,61
1615,285,273,267,302,117,89,274
1616,363,450,414,458,540,669,424
1617,50,70,78,67,54,60,62
1618,58,51,105,59,106,105,74
1619,126,151,121,166,193,254,168
1620,280,303,341,299,231,246,325
1621,72,91,128,88,100,110,127
1622,151,129,116,104,98,128,151
1623,266,281,225,323,307,364,260
1624,342,353,321,389,438,445,349
1625,183,128,140,153,153,256,177
1626,337,350,350,329,144,144,374
1627,197,199,135,176,184,213,171
1628,116,122,124,134,117,142,144
1629,1880,1615,1707,1984,2900,3349,2062
1630,75,109,63,114,61,95,100
1631,160,246,464,270,489,459,340
1632,58,56,44,55,61,43,39
1633,72,74,83,73,92,72,99
1634,110,100,112,85,92,108,102
1635,67,64,39,54,84,80,65
1636,54,64,80,84,76,51,61
1637,134,145,171,121,73,94,137
1638,100,111,90,95,179,208,117
1639,57,62,63,81,166,170,47
1640,24,33,36,46,95,124,32
1641,87,60,86,94,77,93,61
1642,262,237,257,292,335,313,266
1643,25,44,42,40,62,66,45
1644,99,110,141,146,158,147,151
1645,327,311,293,371,306,303,318
1646,68,68,78,76,92,91,61
1647,226,223,230,250,326,329,243
1648,181,227,209,176,257,289,219
1649,52,40,28,48,80,68,44
1650,273,309,251,309,163,146,352
1651,73,97,104,118,131,111,84
1652,78,89,114,84,90,79,80
1653,85,97,86,87,112,143,127
1654,71,70,68,80,93,83,72
1655,78,109,118,103,68,53,121
1656,43,49,37,54,46,52,48
1657,126,118,105,125,109,113,127
1658,282,272,242,276,216,190,299
1659,70,50,73,79,91,78,80
1660,56,57,62,63,115,108,57
1661,297,385,327,416,621,622,367
1662,63,82,76,103,123,126,80
1663,305,380,299,324,308,330,279
1664,56,58,79,77,78,82,55
1665,166,146,133,139,132,77,116
1666,179,183,210,252,392,434,242
1667,264,278,387,382,374,294,353
1668,89,87,118,145,163,167,122
1669,95,77,91,83,59,170,98
1670,146,151,168,199,259,268,154
1671,66,85,86,98,145,138,93
1672,74,67,55,85,148,117,71
1673,201,231,208,293,305,341,261
1674,72,74,56,58,77,79,77
1675,75,96,83,81,101,85,73
1676,101,107,95,106,104,108,121
1677,94,116,103,110,164,165,96
1678,103,85,66,81,85,81,82
1679,139,162,138,150,61,45,144
1680,146,160,151,198,141,84,149
1681,75,27,37,50,32,91,63
1682,96,101,86,118,148,141,80
1683,31,35,36,50,79,84,33
1684,63,66,45,93,105,111,72
1685,126,108,119,78,85,78,105
1686,62,66,83,77,30,19,90
1687,532,503,498,642,916,930,557
1688,0,88,67,60,42,51,102
1689,66,58,73,97,115,118,79
1690,233,260,266,320,284,227,255
1691,34,45,48,53,73,57,32
1692,150,174,233,173,374,425,181
1693,96,41,70,89,76,149,122
1694,20,28,21,38,132,146,32
1695,92,89,77,71,67,100,118
1696,86,87,100,98,77,96,112
1697,95,99,87,114,188,223,108
1698,387,424,433,414,205,161,409
1699,82,72,68,102,132,126,74
1700,78,93,0,48,105,124,87
1701,69,65,90,48,78,82,70
1702,55,70,65,82,71,27,70
1703,26,33,26,38,54,53,31
1704,470,435,465,356,282,308,438
1705,75,74,65,62,67,80,63
1706,362,361,347,293,115,109,265
1707,396,397,444,362,320,384,238
1708,135,172,172,261,153,151,126
1709,913,844,871,789,178,190,935
1710,230,197,184,216,261,244,230
1711,115,112,109,87,98,79,92
1712,55,53,58,56,100,107,55
1713,68,54,74,75,48,59,78
1714,157,175,196,84,110,108,193
1715,35,36,65,0,125,113,44
1716,162,168,172,167,26,17,189
1717,206,205,228,246,384,435,217
1718,70,63,61,73,56,75,71
1719,228,219,216,188,144,165,273
1720,200,183,179,185,181,177,190
1721,64,53,67,63,50,45,76
1722,173,174,143,182,243,209,209
1723,58,55,88,89,96,70,64
1724,127,86,110,109,96,116,91
1725,81,149,206,147,192,207,205
1726,313,269,208,243,514,523,446
1727,215,254,241,255,186,198,213
1728,116,103,107,120,65,38,107
1729,83,54,72,95,108,125,70
1730,38,45,33,68,110,92,40
1731,67,83,81,85,105,93,63
1732,150,153,123,188,156,210,170
1733,99,132,124,139,26,10,132
1734,106,106,91,96,71,80,101
1735,69,75,58,97,90,151,72
1736,45,35,46,51,41,53,36
1737,89,85,93,70,14,18,81
1738,120,105,128,109,161,165,103
1739,61,50,54,55,38,45,61
1740,100,92,117,42,68,47,132
1741,79,75,94,101,217,177,81
1742,98,109,77,67,40,32,110
1743,277,268,232,298,264,309,265
1744,138,89,96,158,136,149,94
1745,314,408,371,447,543,571,440
1746,112,83,88,62,61,126,109
1747,10,12,8,17,66,41,12
1748,93,63,70,91,103,122,68
1749,47,51,41,38,35,62,71
1750,99,99,97,153,152,155,107
1751,237,225,177,259,260,343,240
1752,181,274,206,343,411,439,231
1753,267,285,296,265,168,131,274
1754,27,52,53,75,51,49,51
1755,80,61,79,76,63,87,94
1756,130,162,109,145,226,211,124
1757,82,76,77,104,191,131,78
1758,46,37,29,60,89,73,40
1759,470,466,383,411,320,387,518
1760,106,132,132,118,163,138,110
1761,45,38,33,62,60,94,36
1762,215,191,237,198,187,167,206
1763,141,140,148,146,189,128,128
1764,152,176,193,125,37,47,102
1765,146,147,144,170,176,204,183
1766,147,119,102,108,112,164,124
1767,105,114,98,129,159,190,130
1768,283,293,315,273,151,140,284
1769,36,39,23,52,52,74,53
1770,208,153,157,175,326,336,215
1771,196,190,171,151,116,120,191
1772,37,35,27,40,144,146,32
1773,31,39,66,47,119,116,67
1774,114,115,91,95,66,27,131
1775,224,222,219,292,314,287,218
1776,130,136,113,136,117,155,120
1777,111,103,87,110,70,56,99
1778,177,189,163,178,210,246,168
1779,229,243,243,261,132,127,197
1780,57,92,79,96,142,112,89
1781,53,45,56,38,32,38,69
1782,98,89,126,123,145,123,116
1783,313,393,350,392,537,674,371
1784,189,209,196,222,248,229,175
1785,42,47,71,67,104,87,54
1786,150,173,198,212,159,191,230
1787,122,102,126,116,80,126,175
1788,50,49,67,49,50,57,55
1789,134,106,116,108,102,90,106
1790,282,320,255,271,291,265,269
1791,96,113,86,134,138,122,82
1792,105,96,122,108,124,146,83
1793,83,69,100,66,109,187,99
1794,98,100,92,112,157,163,125
1795,71,51,92,51,121,120,84
1796,178,183,192,259,378,338,202
1797,122,0,0,61,47,45,107
1798,61,55,56,48,60,38,76
1799,96,107,107,99,84,107,139
1800,48,56,71,92,90,78,53
1801,85,79,37,124,210,197,74
1802,40,49,27,38,53,52,40
1803,98,89,48,12,19,89,140
1804,90,69,84,73,183,273,99
1805,46,43,55,21,71,55,48
1806,134,99,158,106,128,38,134
1807,110,123,112,123,166,149,92
1808,48,64,49,44,44,52,53
1809,86,121,81,143,120,73,92
1810,130,115,99,114,97,94,166
1811,106,95,132,109,115,103,103
1812,84,71,94,97,137,128,71
1813,151,150,110,153,131,146,155
1814,108,122,102,118,67,43,122
1815,76,87,77,69,69,89,73
1816,56,55,68,52,81,59,50
1817,158,151,177,178,160,167,160
1818,234,270,258,239,177,257,349
1819,43,44,54,72,64,64,51
1820,101,70,108,107,96,166,114
1821,803,719,737,814,1221,1787,925
1822,127,107,91,83,122,99,105
1823,66,79,67,90,129,145,76
1824,0,0,0,0,0,0,0
1825,149,175,168,171,123,149,193
1826,185,164,151,186,271,264,178
1827,60,76,75,75,89,109,73
1828,111,132,234,172,269,252,201
1829,124,154,138,131,187,182,133
1830,37,34,32,39,45,55,41
1831,631,639,682,329,306,186,683
1832,67,68,118,68,84,132,99
1833,50,54,72,45,78,62,46
1834,58,76,64,75,53,57,45
1835,48,40,38,34,59,88,52
1836,140,125,109,135,147,191,145
1837,92,79,76,83,111,116,65
1838,133,114,108,139,157,153,112
1839,138,139,116,140,225,200,119
1840,35,39,52,112,51,40,36
1841,51,46,31,23,57,62,30
1842,183,217,180,221,216,271,249
1843,693,652,652,553,91,111,698
1844,86,90,107,106,91,113,101
1845,72,51,65,60,41,69,61
1846,55,61,46,49,83,111,40
1847,60,33,70,69,60,68,57
1848,72,70,75,71,105,94,60
1849,84,60,73,81,71,76,82
1850,268,273,261,458,580,532,341
1851,166,173,182,195,114,94,190
1852,69,78,62,78,85,108,82
1853,158,186,190,217,201,203,168
1854,165,117,149,137,126,173,143
1855,223,218,236,243,132,61,220
1856,98,119,58,34,7,2,81
1857,108,109,88,114,109,116,120
1858,113,124,109,89,0,0,0
1859,279,329,308,354,365,381,318
1860,90,88,73,101,155,198,101
1861,135,139,144,195,221,316,201
1862,49,46,45,59,107,117,40
1863,92,72,74,114,88,100,89
1864,131,137,122,146,107,97,121
1865,52,35,26,83,110,125,49
1866,124,111,99,98,72,68,119
1867,226,217,206,231,67,38,218
1868,41,62,56,81,80,76,54
1869,63,84,61,70,94,99,48
1870,108,134,106,116,52,57,121
1871,40,39,28,52,90,63,43
1872,183,226,270,261,303,406,292
1873,140,128,151,125,94,96,128
1874,202,211,184,208,208,239,173
1875,820,825,769,770,51,48,791
1876,213,202,217,227,221,219,201
1877,125,122,130,166,214,197,133
1878,133,144,128,155,153,142,146
1879,92,75,90,79,92,104,100
1880,167,143,102,202,267,263,136
1881,516,562,583,549,330,334,593
1882,176,152,167,200,281,228,168
1883,46,45,66,78,98,92,72
1884,108,84,69,95,126,175,108
1885,87,84,79,106,83,77,90
1886,107,79,86,70,64,114,107
1887,75,78,97,85,150,211,107
1888,56,64,87,86,95,104,84
1889,64,45,56,54,14,14,48
1890,405,428,374,367,157,217,434
1891,39,44,42,46,42,41,40
1892,58,75,75,91,92,154,103
1893,47,11,10,4,69,70,54
1894,245,309,287,226,67,61,194
1895,170,196,160,167,162,147,160
1896,59,53,53,48,52,82,50
1897,91,86,75,60,77,90,79
1898,240,262,331,346,278,345,316
1899,20,23,7,18,21,31,21
1900,47,58,57,60,50,38,43
1901,435,420,439,424,623,699,419
1902,92,93,96,95,76,126,132
1903,186,191,216,259,257,271,213
1904,170,182,184,135,114,125,162
1905,162,171,185,223,191,140,148
1906,345,343,347,529,603,698,336
1907,155,125,103,98,72,81,116
1908,56,69,57,77,105,120,65
1909,85,103,90,75,50,51,105
1910,55,75,69,44,60,50,51
1911,89,68,86,134,182,151,118
1912,180,159,169,182,166,201,179
1913,31,54,44,48,33,48,42
1914,169,169,161,191,145,169,174
1915,70,75,99,100,91,85,80
1916,110,123,98,137,107,106,132
1917,89,95,109,112,98,175,107
1918,10,5,8,7,3,3,4
1919,113,118,143,113,120,93,106
1920,72,65,88,74,55,27,72
1921,156,164,123,194,211,190,142
1922,231,239,272,304,441,428,238
1923,105,128,114,154,182,235,87
1924,75,74,88,118,108,137,92
1925,0,66,66,79,161,144,56
1926,107,115,69,47,32,38,97
1927,551,560,517,524,293,433,550
1928,788,910,888,1423,946,1008,806
1929,81,94,110,85,49,40,97
1930,109,98,90,109,121,141,89
1931,276,317,386,326,422,397,374
1932,244,226,251,221,254,326,264
1933,76,61,99,104,113,95,87
1934,57,81,92,92,101,113,88
1935,248,249,245,299,185,353,277
1936,143,122,111,169,154,220,133
1937,147,46,182,155,154,186,157
1938,62,78,56,132,167,195,68
1939,157,174,122,161,318,320,184
1940,93,117,102,124,149,130,97
1941,194,193,142,163,171,205,178
1942,63,74,41,98,150,127,52
1943,174,192,161,172,178,168,136
1944,497,458,422,476,512,723,569
1945,278,333,308,337,359,374,337
1946,104,85,92,109,157,148,108
1947,46,61,49,36,34,21,52
1948,216,205,166,155,198,323,218
1949,73,73,53,66,72,106,82
1950,224,222,264,250,338,519,259
1951,108,94,100,140,143,122,90
1952,43,50,45,36,104,72,55
1953,58,70,72,73,115,109,63
1954,259,339,418,394,604,587,383
1955,149,143,134,170,264,215,138
1956,117,112,118,113,138,151,123
1957,81,85,92,61,117,111,80
1958,224,183,167,212,171,108,257
1959,348,342,357,356,292,403,502
1960,178,205,121,268,256,310,187
1961,124,106,110,118,83,61,118
1962,147,135,135,134,119,186,148
1963,116,120,104,108,92,73,121
1964,117,107,101,97,68,62,107
1965,128,82,124,124,94,166,133
1966,230,234,243,227,133,94,313
1967,171,159,144,128,220,252,180
1968,6,1,11,10,40,71,15
1969,84,82,96,73,67,100,58
1970,256,229,209,286,293,347,216
1971,264,240,208,185,110,179,260
1972,66,57,70,95,134,118,64
1973,51,58,45,64,45,31,49
1974,175,146,107,103,74,151,193
1975,142,128,187,246,267,322,159
1976,90,92,99,100,111,118,92
1977,129,112,134,108,108,141,156
1978,195,164,151,220,166,253,166
1979,58,55,67,82,75,69,55
1980,33,50,45,46,69,60,46
1981,88,103,98,99,104,80,137
1982,79,72,76,63,60,50,88
1983,112,97,110,107,87,102,89
1984,58,61,53,53,50,44,72
1985,445,453,441,702,525,550,385
1986,84,70,102,85,107,121,98
1987,47,51,55,76,85,122,50
1988,148,185,183,195,277,286,175
1989,74,48,48,91,69,96,55
1990,103,80,84,99,131,106,77
1991,144,138,133,108,86,136,136
1992,52,63,66,59,138,94,79
1993,44,57,79,55,88,90,62
1994,145,126,114,150,154,161,157
1995,63,48,59,69,64,85,60
1996,68,57,71,70,85,80,87
1997,317,306,272,221,87,118,289
1998,518,536,595,515,315,328,563
1999,285,278,281,341,445,438,300
2000,157,164,165,138,66,59,162
